edge_id,lat,lon,lat_start,lon_start,lat_end,lon_end,vehicle_count,avg_speed,congestion_level
-103176793#1,28.629136079646138,77.21132309023218,28.629906449085137,77.21156253278468,28.630499201083623,77.21287476835937,1,10.728145077298745,Low
-1042816605#0,28.60141588026633,77.19052577981202,28.60306131065356,77.19111749335919,28.602577323558307,77.19230600629297,1,16.796174643601468,Low
-1042816605#2,28.604334052940736,77.19157796801163,28.603363012403832,77.19070589771528,28.603153297699176,77.19097524353512,1,10.653999935358442,Low
-1053851218,28.610719441924978,77.21249041986556,28.61027751715592,77.21145637528672,28.60930467992736,77.20928197986397,2,20.22415828466773,Low
-1057067138,28.601008405506857,77.23004098918646,28.60318491970891,77.22755843138137,28.603456821155035,77.22875771125709,1,12.317092100925567,Low
-1063253395,28.593877372796854,77.19981581437898,28.5926768280152,77.20003893710731,28.591370926895085,77.20091850321413,1,13.96246917720952,Low
-1071423068#0,28.596275132899788,77.26138502979948,28.59654142090361,77.26114196495097,28.59643311487118,77.26019175695353,1,12.238535056770685,Low
-1071423070#0,28.594928258935816,77.25952541437185,28.59460887201112,77.26037260749528,28.596037911142567,77.25991637285561,1,12.536002709838638,Low
-1071423070#2,28.592042843552207,77.26128647857259,28.592327614413467,77.26054356967217,28.59296879131187,77.26045547473115,1,10.626208084701904,Low
-1072967421#1,28.6294182370964,77.20137128938036,28.62901784303637,77.20270994095513,28.62898205885827,77.20295739091037,1,0.0,Low
-1072978659#1,28.625355053540005,77.19806508457422,28.62657823326875,77.19690976638636,28.62663116957881,77.196165780458,1,9.122691985705607,Low
-1074792173#1,28.607325182928875,77.2430713788228,28.603978737582512,77.24269294474742,28.60527048455068,77.24260792458885,1,5.391030675265938,Low
-112102208#1,28.597723706239332,77.2395063373695,28.599509096169648,77.23955261895541,28.59962557566851,77.23982591076631,1,6.275929156279362,Low
-112102237#0,28.604482247334044,77.23848082368458,28.6041166241126,77.23777324420487,28.60368559841578,77.23711243416165,1,13.433584063282836,Low
-1121142413#2,28.628386357028926,77.22706640065904,28.627491696025984,77.2274768898257,28.62774060812295,77.22706685733417,1,11.747799877671063,Low
-1121186660#0,28.62460336571952,77.22818506319945,28.62443739138629,77.22764226275785,28.62400608873269,77.2278681454548,1,9.024159425772694,Low
-1122257063,28.62200145014868,77.2106992099575,28.62216792878404,77.20770209788348,28.62155388279477,77.20834696800905,1,13.968349686798648,Low
-1123830768,28.5949250579147,77.2494488912041,28.58944618502113,77.24911992336264,28.589604401848,77.24897557701946,1,2.9265833211348085,Low
-1123830784,28.587720726155634,77.24472408439752,28.589579297321457,77.24732809309693,28.589307182383635,77.24691371045161,1,9.07645154930863,Low
-1123830788#1,28.590447239145075,77.24765672927388,28.58982595525781,77.24765064883768,28.58958919424029,77.24740599481305,1,9.952100508522802,Low
-1125127545,28.599327544969253,77.25003086431668,28.59963443572969,77.24890906921927,28.599314540540146,77.24357000194375,1,14.98888329059906,Low
-1187268497#1,28.599752546863684,77.22755130481947,28.59980891720729,77.2257866083703,28.5992262300272,77.2262039176627,1,13.954291784037975,Low
-1187268512#6,28.588308162776084,77.22517009098404,28.58834488516272,77.22594776775497,28.588144185568822,77.22411330856157,1,20.905211569287346,Low
-1236565652,28.588683557133034,77.2484569174958,28.588435710343468,77.24878386421678,28.58851678332488,77.24882443536325,1,0.0,Low
-1236567729,28.589958149258063,77.24811971498085,28.587922207948136,77.24877957678378,28.588076887904247,77.24906061144263,1,0.0,Low
-1277942000#2,28.62887557460482,77.23208941714172,28.627596337323126,77.23203909818935,28.62858718731156,77.23211191779349,1,19.220174184188,Low
-1307655969#2,28.602969335650386,77.18683493919814,28.60419080365737,77.18706671372603,28.604634883752613,77.18764990112435,1,20.7654636725394,Low
-163193280#0,28.5993207157087,77.22697586762449,28.60095413030597,77.23040599565441,28.601477252138885,77.23027003001357,1,7.618782738007311,Low
-163193280#8,28.602304450445057,77.23262148169593,28.599583367492187,77.23209571866927,28.599590422497503,77.23170011428286,1,7.764745076117993,Low
-164684411#6,28.63164964124887,77.23307695930814,28.630645469430508,77.23391169390584,28.63055032292186,77.23407320064621,1,11.724771618844404,Low
-169196739#1,28.59936557841929,77.242623028077,28.598886440752327,77.24303940765348,28.59975699465032,77.2429878710745,1,8.637991731869988,Low
-169221586#4,28.598267828276615,77.22948959360575,28.598462939797795,77.22990159571903,28.59742301577394,77.22999781583934,1,12.94209094581432,Low
-169222361#1,28.59864575057821,77.23082972139437,28.598543902325552,77.22995472955634,28.59855392908968,77.23068888302747,1,10.68255771738419,Low
-202800240#3,28.58978630046423,77.25902905232674,28.59029738984484,77.25637470620765,28.5900318964444,77.25648587802566,1,7.646696118909479,Low
-220385651#12,28.59081386547221,77.24909117073926,28.589485935473736,77.24787096636722,28.58967943729552,77.24797107392675,1,7.291809744290218,Low
-235103413#1,28.62904574897495,77.23397865268647,28.63022348494523,77.23473171515244,28.63060974317985,77.23501090471055,1,10.999500014127674,Low
-24577118#10,28.624946365810498,77.21829347450083,28.62421576805422,77.22117016942293,28.62194482418798,77.22156645315934,1,14.746662130827698,Low
-24577367#1,28.602236235798568,77.22745764218811,28.60370728230794,77.22622735391604,28.603981037894144,77.22566119681659,1,18.57925607706084,Low
-24577367#4,28.603365590893393,77.228189882391,28.60309256161461,77.2274300128326,28.603400493908733,77.226854359309,1,22.885811432417466,Low
-24577416#5,28.60125888992127,77.23389897932181,28.605260333181903,77.23077906211209,28.60523560249949,77.231289335444,1,6.286730213117278,Low
-24583487#11,28.62120231224046,77.21101839004916,28.62580186604818,77.21144209756953,28.627209585232883,77.21464125740926,4,7.292276423964595,Medium
-24583487#13,28.624969427952685,77.20951557264219,28.624784700514173,77.21064747461563,28.62570120954639,77.21135132620329,1,19.719855004128824,Low
-24583489#0,28.628656310494115,77.21189633686636,28.628315476297608,77.21080411430151,28.628619355097083,77.21069410795756,1,2.919359983934555,Low
-24583587#3,28.622842290354374,77.22683331903956,28.62303670498687,77.22394569184549,28.62334052673486,77.22377375834049,1,6.461427223328955,Low
-24583593#2,28.623902601620085,77.22894989581641,28.625806662050817,77.22911920015417,28.62602231924352,77.22916773059781,1,10.17023935895084,Low
-24583593#5,28.6246421543002,77.23041860332987,28.624067858867186,77.23001464684089,28.62461987973046,77.22971258502412,1,14.201293704378187,Low
-24583768#0,28.62033239654453,77.21592576863729,28.61973833989106,77.21564059904011,28.62129129419327,77.21575399949425,3,0.0044671856571688,Medium
-24583768#3,28.61482731982582,77.21837731049675,28.61856425079384,77.2155548949658,28.61898664663976,77.21558564822992,1,11.77055893753661,Low
-24583769#2,28.620284553732965,77.21588067313051,28.620916797020502,77.21454850149841,28.6210468929984,77.21453824600746,1,6.076699504844319,Low
-24584384#2,28.622612243070478,77.20699469609735,28.62471191840598,77.20419963370783,28.62505455955853,77.206380867476,1,11.203400023545164,Low
-24584392#2,28.6241743107951,77.20594226550114,28.62175669720681,77.20619919598154,28.621781263662864,77.20551049087337,1,14.255987481215312,Low
-276169621#0,28.588543770545446,77.25164586943978,28.588946976638223,77.24844422098309,28.588837851233848,77.24838138123076,3,0.0619734782380786,Medium
-276169621#2,28.589064783250997,77.24884982351169,28.58935380417686,77.24867859363418,28.58920240628364,77.24859134176188,2,0.0694470568244232,Low
-276169621#3,28.589234106031004,77.24879643093725,28.589608857075344,77.24889736741689,28.58948063325904,77.24876746942414,2,2.2148864817391773,Low
-276169621#5,28.592926437080635,77.24774757073786,28.58983229290764,77.24923803724269,28.58972312526119,77.24904179123882,2,2.841179613116261,Low
-276169621#6,28.592150785803533,77.24894527657803,28.589893346427864,77.24950635013526,28.58987397513772,77.2493741690533,1,3.498660105909221,Low
-28121442#5,28.612255577008927,77.19038293875185,28.610673708133803,77.19110875677282,28.61138722265425,77.19509070600208,1,18.7482570373319,Low
-28121486#1,28.59323395461844,77.21849956884105,28.59483988140344,77.21832776094115,28.5969822776418,77.22028320315378,1,10.93982842290877,Low
-28121486#4,28.59293945638308,77.21544548740842,28.59261095643248,77.21621580886828,28.594548228400296,77.21805971835109,1,13.351788030582728,Low
-28121513#0,28.59594395054617,77.22052120622634,28.597557510615225,77.2208047302744,28.597302544909752,77.22054470373115,1,11.87943257969907,Low
-28121513#2,28.598185926683687,77.2220486777906,28.59842841108725,77.22169010052104,28.598018014465893,77.22127406146453,1,13.50359566961258,Low
-28121513#4,28.60006977390027,77.22310749026562,28.600656720671022,77.2238447047461,28.599455777554617,77.22274501455912,1,12.663174337205264,Low
-28121513#6,28.600865061147598,77.22455666949489,28.601565445327346,77.22471108993989,28.601024465816742,77.22419811474403,1,11.457370594631486,Low
-291266017#1,28.633534798432382,77.22909808073784,28.63059087902378,77.22889461450966,28.6307489739428,77.22862490649807,1,14.666834335401903,Low
-291266017#2,28.630069359902745,77.22918800732909,28.630332244609992,77.22933584296385,28.630518934924883,77.22901724422705,1,9.510803133361913,Low
-292194566#0,28.602289395719012,77.24168423060992,28.59899972596792,77.24093608985933,28.59831289136132,77.24101393200093,1,0.0,Low
-292194573#0,28.601795087498207,77.24153074331113,28.602080478140863,77.24130543389862,28.602489208734696,77.24073237763598,1,4.501388648284342,Low
-338959810,28.588056868266946,77.25131035209002,28.588167068111005,77.25103166682243,28.58780334561491,77.25084788727669,1,9.633633545110934,Low
-370672197#0,28.62363818832426,77.2338655535422,28.622489878521275,77.23360182180983,28.6234277456416,77.23409166227081,1,3.617182218831309,Low
-422146847,28.597894780774297,77.26014298618054,28.59626536283441,77.25942981536306,28.59437221257851,77.25715017849716,2,5.970905710560702,Low
-44277694#3,28.630149297114393,77.19976040664976,28.62786807288695,77.20006080646502,28.62659474688808,77.19911745651099,1,5.256904694042168,Low
-44277694#5,28.62871580911574,77.20199308329133,28.629830745631804,77.20144777854938,28.62797838916541,77.20014062415376,2,13.723828461281595,Low
-44351926#0,28.59352401921234,77.1812591435915,28.59365365585328,77.18108516182664,28.593329120977568,77.18199230504203,1,0.0,Low
-44351928#1,28.601172684942142,77.18816529273235,28.60072372694908,77.18783968375958,28.60054860013257,77.18833109138535,1,7.359488809636533,Low
-44351928#6,28.601618310216605,77.1876805772221,28.601270651465235,77.18652273117264,28.601179290341783,77.18674392394,1,12.139774665160605,Low
-537797267#1,28.61222608703415,77.22365570896032,28.613129516693853,77.22468787611551,28.61342382750336,77.2186016592943,1,24.017442347481857,Low
-537797267#3,28.613114993428493,77.227611132022,28.61300853854957,77.22760882091092,28.61311936303353,77.22490514540877,1,27.188024631468902,Low
-542802206,28.609194565310148,77.2431246130601,28.60891428107285,77.2423644023352,28.607460214888025,77.24029990114408,2,6.275794144913442,Low
-561672577#1,28.62666580356691,77.23064228351508,28.62751924498121,77.23197569992449,28.62753110076596,77.23156822982874,1,6.460543335064614,Low
-612734126#2,28.627495304666397,77.21221042629845,28.62724804561488,77.2124917805596,28.627785909849653,77.21289412060055,1,9.309188119686302,Low
-615556516,28.631690146646505,77.21677648241452,28.63150690484665,77.21601291593302,28.631336537622307,77.21610771620257,1,3.468352518044337,Low
-660123513#3,28.58929985999655,77.24984592260321,28.589370906540832,77.25045930648032,28.589590637036107,77.24971825607611,2,10.186568992406794,Low
-686685084#0,28.62757363810627,77.20410339894646,28.62749619326648,77.2046204512465,28.627749568053083,77.20506865267483,3,0.0,Medium
-686701509#1,28.589884324601762,77.25096603597758,28.5898913050317,77.24848170126945,28.5899178026956,77.24841816997701,1,8.337143148188694,Low
-696822224#0,28.587810756853088,77.24921141372097,28.588269116482863,77.24911775849213,28.58837983107314,77.2491554853551,1,2.989560982433306,Low
-707188915#1,28.59925508706128,77.1981020383408,28.597353970614087,77.1986681883916,28.59733596762309,77.19841519196699,1,10.999207145606038,Low
-708433702,28.601870539902276,77.18503968445187,28.60163693118092,77.18541805691099,28.60183049509507,77.18489614424213,1,13.449402058397547,Low
-708488754#1,28.610201356752665,77.20181134701748,28.61120987963061,77.19814392807211,28.611227033707085,77.19761474272863,1,19.699879565636085,Low
-708488754#9,28.61057051736221,77.20391619644387,28.61084804421063,77.2051708177221,28.61114670358169,77.19990761591767,2,16.21227716174707,Low
-712992080#4,28.623437160616838,77.23416632700625,28.62346065562799,77.23426814180283,28.62165014339791,77.23609546694384,1,30.112079153081933,Low
-712992080#8,28.625039583993935,77.23460855278624,28.62522327940943,77.23252022004398,28.62355894112288,77.23416796509315,1,24.30197103311055,Low
-717046639#0,28.60384814015542,77.23255901686738,28.60645399673021,77.23832868956261,28.60698183090956,77.23926793718047,1,0.0,Low
-717046639#2,28.606863684080714,77.2390527131532,28.605849877176187,77.23721126341432,28.606183982927263,77.2378292387728,1,12.512954151176288,Low
-718297218,28.60128206798687,77.18504488877865,28.601551537325395,77.1856274130302,28.60047589113305,77.18502443318717,2,12.351722550720908,Low
-74846211#0,28.596900411879265,77.18075166882485,28.59961345245789,77.18092475940493,28.59959542594623,77.18095720525542,1,7.3084200018634,Low
-74851423#5,28.63064951582649,77.23046462449156,28.63043154952528,77.23047257813651,28.63060816899355,77.23017943694526,1,12.58375684232354,Low
-773567404#0,28.592167753604397,77.20069389461997,28.59276579233994,77.1999444896144,28.596038299802043,77.20051718333508,2,6.598989868090362,Low
-80921410#2,28.612215906927183,77.20866560608671,28.61220182847441,77.20866155295215,28.610992964496425,77.20601268468069,2,21.876829488759896,Low
-80926768#3,28.627567318344326,77.19975803311327,28.63012293724837,77.19968508067325,28.630630556941924,77.20006321678595,2,7.868617978383042,Low
-80926778#9,28.63031132752456,77.2000346177469,28.627688505418003,77.20048380782734,28.627883290735607,77.20014048090951,1,13.174458757557035,Low
-80926781#0,28.626660460386162,77.20413456323269,28.626591579268,77.20466944341135,28.626264113550366,77.20484298885246,5,1.6037940119183105,High
-80926782,28.622096510231085,77.20882436105178,28.62250947201876,77.20910078138843,28.62223720796077,77.2075757248859,1,9.538965891266708,Low
-80950064#3,28.608698624559924,77.21091943097726,28.60777884095092,77.2094085191489,28.60477928718594,77.20927580120609,1,13.309720130308216,Low
-80954571,28.60146264065606,77.21995994639845,28.59979264773803,77.22079326361641,28.59909066133015,77.22171906395671,1,6.119561204214093,Low
-993539947,28.630494257281818,77.2319901454677,28.62981508578954,77.2326816510501,28.629431995167103,77.23355649076146,1,6.282805225928314,Low
-993539971#3,28.629928881018916,77.21163743407824,28.629467832450064,77.21004880710841,28.629387992497875,77.20983237683606,1,9.336204482067169,Low
-998790354#7,28.62302057496107,77.22797306454491,28.62242314858609,77.22464416407995,28.6213481997061,77.22224003231355,3,26.47509579951982,Medium
-998790356#8,28.620455589365434,77.22642568922598,28.621122260272102,77.22170691192585,28.6202437005931,77.21972581030757,5,1.1997342843229706,High
1042816603,28.60457802211443,77.19179713039473,28.60257339139873,77.19231481950433,28.60245102907532,77.19263351573578,1,12.78464979460684,Low
1042816605#0,28.60315386328338,77.19447803717337,28.60249848833068,77.19226541582059,28.60298453871172,77.19107203883539,1,23.62689008881936,Low
1053851215#0,28.615109415944513,77.21804071049033,28.61660904082291,77.21846474277928,28.61666443103921,77.21815669570198,1,12.184844372989742,Low
1063253367,28.599953273439997,77.17295335286586,28.59980507712037,77.17741818300144,28.59892961876569,77.1779774606236,1,12.668721447272093,Low
1063253369#1,28.60208573333103,77.1762446745618,28.600908612174727,77.17937591237084,28.59987586054716,77.17743794331945,2,13.675338634114238,Low
1063253374#0,28.601950780723076,77.19002311137412,28.60345410816261,77.1906801831128,28.60388163476987,77.19112542045237,1,9.77253802595982,Low
1064518285,28.605014929799548,77.19854596826345,28.60503184087896,77.19863832800775,28.605094193143696,77.1987938077487,1,17.135859022057094,Low
1066077570#0,28.61986183667887,77.20912759224582,28.620541499760048,77.21058370368914,28.622583282230128,77.21205913461742,1,19.391220144208088,Low
1066619122#1,28.62694023525757,77.21452333540262,28.62704833947268,77.21500601732748,28.627135170266644,77.21472815210812,2,11.0398230285934,Low
1072960946#4,28.622406411055795,77.19856549519004,28.62159248367264,77.19775477593866,28.621190148618616,77.1972655777191,1,5.008420126940512,Low
1075090701,28.598311576941885,77.21950965774313,28.59850803682581,77.21719047557767,28.59697045678004,77.21570054411721,2,12.856486807117124,Low
1075734524#0,28.626896318197456,77.2327895828946,28.626156569394947,77.23254345286425,28.62600913660264,77.23237927069329,1,3.023929990484735,Low
1075734525#0,28.627428643362176,77.23351548408935,28.62608043118408,77.23227432589644,28.626195061645703,77.23251819106535,1,7.396791896737456,Low
1075962915#0,28.59202866697413,77.2416666751618,28.592181335919143,77.24175980503756,28.5910771826423,77.24147845054748,1,12.040961792666463,Low
1076627689#0,28.623999437490507,77.23000256508605,28.62588521857056,77.23145588966665,28.628658696523345,77.22680747463468,1,23.614022864704307,Low
111695524#11,28.62940289605899,77.20548112418052,28.62848399428037,77.20407261276908,28.62829117200007,77.20441669068339,1,15.307652780578032,Low
111695524#13,28.627706582330042,77.20427053973324,28.628153690790786,77.20464237742738,28.627973008146945,77.20495009648415,1,4.408252875017558,Low
111695524#4,28.630608405024116,77.19989094793122,28.63060540680473,77.20032285874115,28.630250112251435,77.20093783843741,1,20.439016500651523,Low
111695524#8,28.631128866961042,77.20095780741966,28.62989227344128,77.20155930583671,28.6290945004764,77.20298407896954,1,16.98776902927488,Low
111695524#9,28.627711283255042,77.20446529527989,28.62901915726951,77.20311739271979,28.62873712677096,77.2036207795825,1,19.46825606817148,Low
112102221#4,28.607414601943685,77.22606098159275,28.60508268436909,77.22923750273816,28.60477496628229,77.22921260087617,1,14.811006131099903,Low
112102241#10,28.60366467729117,77.22881269799264,28.60364661763829,77.23010974629224,28.60364222051458,77.23043180997281,1,1.0913776649395004,Low
1122215539,28.62674346229383,77.21168254299073,28.62755537077801,77.21086088894215,28.62767640150485,77.21110752929168,1,7.336806437269769,Low
1123830785#1,28.590390515280305,77.24566830916724,28.589228752423487,77.2468823968568,28.58892894772582,77.24704448554938,2,0.0093971506658595,Low
1123830791#0,28.59023316002944,77.24784096536277,28.58994760999705,77.2480407745751,28.58997443365364,77.24773988235235,1,9.356450207596986,Low
1125127547,28.588097105585202,77.24781798933152,28.588919112391068,77.24674506503858,28.58886534220805,77.24692986770684,2,0.0,Low
1126838107,28.625149984510937,77.19838422251482,28.62499201229593,77.19811705442238,28.625052722648093,77.19831251419363,1,6.309710778806276,Low
1152735268#0,28.589941555086593,77.24790573725089,28.589656009572234,77.24523022214068,28.58951902645772,77.2453021391897,1,8.832184574000292,Low
116046166#1,28.61999642672787,77.22689813071796,28.62046928257867,77.22678540777231,28.620066042172297,77.22704971366099,1,16.213433798902297,Low
116046168#0,28.614885494715256,77.22980483003428,28.61555170889939,77.22951172228912,28.61939750181978,77.22724450700319,1,12.654526140773672,Low
116046169#0,28.61951790046555,77.22874357178917,28.619446412369413,77.22744166456343,28.61561183969736,77.2296464305894,2,0.0,Low
118011777#0,28.603551556349856,77.18368676979797,28.60357803488897,77.18348631552357,28.608980156036623,77.18131735680936,1,9.16082407204921,Low
1187268467#0,28.606739242853386,77.23720293943909,28.6069478064329,77.23946505425032,28.607220773660373,77.23995465783906,7,0.0,High
1187268468#2,28.609158233556666,77.23853137576407,28.6063721691933,77.23859585028018,28.60520313092468,77.23640733720133,9,4.6058332649074405,High
1187268468#4,28.608852102563937,77.23728853764028,28.60505564983924,77.2361314346015,28.604886468875257,77.23581448366376,5,0.0694633257591552,High
1187268470#0,28.604599121251916,77.23383048664202,28.604796176797368,77.23580745918265,28.60439034511852,77.23606928820764,2,10.736852411213665,Low
1187268470#2-AddedOnRampEdge,28.604431526164213,77.2356165496634,28.60438105314604,77.23611295232293,28.603640249804617,77.23659087102364,1,24.137932397751143,Low
1187268473#0,28.60486894971081,77.2363056284153,28.604738942715404,77.23558499885124,28.604484551688003,77.2351661523015,1,4.441294091348022,Low
1187268475#3,28.604934303124857,77.23774327546413,28.605253951214547,77.23633490278395,28.60687804897876,77.23934016777301,10,5.115332361865676,High
1187268476#3-AddedOffRampEdge,28.60346609025249,77.23513992875974,28.6042798005055,77.23451647849147,28.604763427360243,77.23530946842281,5,4.406397577354463,High
1187268476#4,28.604103667855508,77.23516409042887,28.604756304555167,77.23535839296318,28.60483280460925,77.23551235120696,4,1.137144630577877,Medium
1187268480#0,28.602021582797125,77.23274878810554,28.60250383211709,77.231888986918,28.60234516107228,77.23161807512213,1,0.0,Low
1187268480#1-AddedOnRampEdge,28.60264001852307,77.23143024801509,28.602305240125084,77.23160956338052,28.60182298615493,77.23081397948033,20,0.3347062123782262,High
1187268480#2,28.60041272929025,77.231825561996,28.60173896873132,77.23061754372631,28.60162863536136,77.23043568345372,3,0.0,Medium
1187268484,28.600184970278352,77.2281730785107,28.60164033252588,77.23030056809704,28.60163869553825,77.23030135141462,1,0.0,Low
1187268486-AddedOffRampEdge,28.60115542213115,77.23215574749143,28.60101678106264,77.22953196658764,28.600540734479186,77.2287312164706,1,22.74378760936533,Low
1187268491#0-AddedOffRampEdge,28.6016838321222,77.23041753812595,28.60097100963354,77.22907819269179,28.60145920239471,77.22987542144575,10,4.416461864077819,High
1187268498,28.600092206542804,77.2274242344356,28.599212036147904,77.226282544059,28.600399256903028,77.22822083068792,1,0.0,Low
1187268499#4,28.594752594019017,77.22627119204495,28.59480875190193,77.22348303818497,28.59406891069325,77.22351980302358,3,24.01609098630236,Medium
1187268505#0,28.590296676099218,77.22365827988082,28.590469885695697,77.22355883405335,28.590100841295225,77.2197656116976,4,25.14312905083347,Medium
1187268512#0,28.589165633586337,77.22707558882018,28.58817285510157,77.22410920986987,28.588373549690044,77.22594397612994,1,22.59407020130985,Low
1219699881#2,28.62811658978413,77.20806019330374,28.62877025853311,77.20830724426847,28.62799880766011,77.20871681453404,2,6.189726770834077,Low
1236528894,28.589507925950084,77.2459509285245,28.588929896927507,77.24789624066317,28.58893717846608,77.24782166948619,1,0.0196760943103136,Low
1248027227,28.617825633794194,77.23972562633216,28.617498948513525,77.24012232799463,28.61994866647221,77.24046311371562,1,21.17865768994633,Low
1248079227,28.612395118679167,77.24418987290052,28.61248981471197,77.24600329443746,28.612370326568406,77.24660370374974,1,19.64550365451661,Low
1253188528#3,28.596609291727205,77.20354419758573,28.59680619357076,77.20695837765322,28.60077959904684,77.20510034794444,4,23.499256775713555,Medium
1256572733,28.59593932157047,77.19740872679674,28.59580562684238,77.198201868291,28.59576955054285,77.1980061589008,1,8.151903889668203,Low
1264455025,28.598137855887224,77.22293658454097,28.59756202868865,77.22302278950474,28.5974441038278,77.22321516430705,1,0.0,Low
1271885078#0,28.600407158832127,77.21946750501291,28.60140144288225,77.219293027946,28.60193132938636,77.21899131794126,1,15.132411543420195,Low
1277941999#0,28.626077440395285,77.23199788325974,28.62640465439323,77.23200927512755,28.62614753077493,77.23208993743961,3,0.0145485708361617,Medium
1277942000#0,28.627391628045128,77.2314707020012,28.6290356605746,77.23217499693985,28.62871579456355,77.23215370473653,1,14.392507336878554,Low
1278775919,28.621214523491105,77.20024740910614,28.623722480010308,77.2004526016446,28.623582805783748,77.20025263285432,1,13.844855468304752,Low
1287398725#1,28.61968577461682,77.2133266344137,28.621208782518803,77.21266481684144,28.619472969671044,77.21252144947752,1,9.16020375203088,Low
1287398725#3,28.620596121051125,77.21316868519047,28.61924953433953,77.21250674243755,28.61736659873962,77.21248249043805,1,0.0014168381414275,Low
1290450966#2,28.598808312743163,77.21297214707089,28.5984643208769,77.21279222473211,28.59911388040025,77.21425615352808,2,27.67545044530126,Low
1290450967#4,28.598380075797113,77.21421784360983,28.59901841866621,77.2143114034953,28.598067162611247,77.21217693397139,1,25.977520151566704,Low
1290450967#7,28.598075888048147,77.21410574382706,28.598006955805893,77.21204573230364,28.597651347553565,77.21141087030104,1,17.511312367222533,Low
1296316293#0,28.6153857184451,77.24118017885137,28.61612138436648,77.24017539158845,28.61727399250737,77.24022174667853,2,21.96131089686547,Low
1304911907#0,28.611517751069318,77.24909835619863,28.612042188213856,77.24818042115344,28.61202145665205,77.24792354418496,1,18.91954553154272,Low
1304911907#0-AddedOnRampEdge,28.6134450340997,77.2480995395163,28.6123018188912,77.24918347593258,28.61202714097197,77.24826619249129,1,17.164218624386997,Low
1304911907#1,28.610139317632374,77.24806969113793,28.61199078627033,77.24783066413615,28.61205467810655,77.24742743382554,1,18.28292407068366,Low
1306567319,28.597902876027316,77.22515237385231,28.601213994335584,77.22732167392046,28.600488562896647,77.2282604407535,1,1.2885929968361831,Low
1307222666#1,28.615310341052012,77.20975616268379,28.6139349813857,77.20925090072114,28.61380557945505,77.21205045700316,2,24.098061766499004,Low
1312526361#0,28.60638223284534,77.23612391557448,28.60532252267811,77.23524104887446,28.60592145822193,77.23493432958429,1,7.274836601589802,Low
1312753970#1,28.63023381592745,77.22837911507058,28.629112744601432,77.22671275296473,28.628950706442662,77.22659684080676,1,4.59486128665044,Low
1313158398,28.59593176813869,77.24177407387342,28.59347695691841,77.24329528895396,28.60042464413284,77.23855785836652,6,22.78651263990716,High
1327208476#0,28.618232716461694,77.21257618253695,28.61690202514577,77.21387392087124,28.616972802866496,77.21278886512906,2,10.344602422780794,Low
1329173707#1,28.602635816971603,77.23150341730557,28.602856429212817,77.23076067207307,28.602720255784384,77.23099212534264,1,14.063739411748337,Low
139069980#1,28.617965079104717,77.23580969539664,28.618189926887897,77.23557046940302,28.617974945477947,77.2359404672876,2,12.121630555974878,Low
139069980#2,28.615585538062124,77.23589881393055,28.61790424014163,77.23606422883199,28.617414759188254,77.23690592548857,1,12.727859797256665,Low
150409382#1,28.603695438836002,77.19627444123111,28.60399888126511,77.19710385075481,28.60461058235296,77.19840349774108,2,20.368525144030407,Low
150409383#0,28.602066121248036,77.19412541599802,28.60248225175524,77.19362036874873,28.60312900923975,77.19516996856088,1,7.262169681930296,Low
150409383#1,28.602851093633795,77.1945144055549,28.60318711988892,77.19530347591964,28.60394101493964,77.1969720846129,2,22.105619389827822,Low
150409384#3,28.602557587661803,77.19475069342603,28.602956981000915,77.19507846492266,28.6023787947037,77.19369622788332,1,21.62134956331343,Low
154356516#1,28.630526538185336,77.23424224728723,28.630692156974625,77.23517821948239,28.628993988371825,77.23815655300199,1,25.59803518364529,Low
163193933#13,28.59294601372719,77.22878696336156,28.59250828586613,77.23094790917935,28.59220284063685,77.2309713077277,1,4.980705705960988,Low
163193933#14,28.590625045480806,77.23075709067871,28.592068180546,77.2309847174905,28.591740025364807,77.23101192977774,1,8.748286832844652,Low
169196737#12,28.59765204273721,77.24392669460114,28.59836292279932,77.24300783936211,28.59830224788088,77.24149941923021,1,13.302738407930155,Low
169196739#1,28.600048667007155,77.2436330626104,28.59975843949172,77.24302051480413,28.59887488051699,77.24307279717118,1,13.801250986930896,Low
169222364#0,28.58723694726988,77.232017077723,28.588232766132144,77.23349540337955,28.58871563037779,77.2334810793309,1,19.799921601510235,Low
169421698,28.589248824375193,77.2408334818712,28.58785103795445,77.24076158445381,28.589546137917925,77.23982261995005,1,22.62084073518112,Low
176492750#0,28.588777163338957,77.24826710693517,28.588953518134,77.2474074965982,28.588842097682164,77.2471238042048,4,1.4598872989889773,Medium
202678196#1,28.590841512312796,77.25619305388624,28.589654308671665,77.25822473224295,28.589199822118683,77.25720146041296,2,12.52672919724568,Low
202800241,28.588617617825268,77.25801139998765,28.589556011683104,77.25762574033826,28.59006019232084,77.2581029706684,1,16.561337442505927,Low
23133600#0,28.630647100906,77.21986153502827,28.63069072135318,77.21962150908038,28.630879763531325,77.22069959136498,1,13.126753830601723,Low
23133600#1,28.630879296428994,77.22303803443081,28.63091541810823,77.22078675729627,28.631624067210137,77.22170009798478,1,11.643044167917274,Low
23134098#0,28.612357364954562,77.22747308454886,28.611819802932423,77.2276079598759,28.61295621256844,77.22766333954394,10,3.4364316167664684,High
23134098#1,28.616909185686875,77.22618203775005,28.61308493234188,77.22767096485401,28.61402649298697,77.22775116978312,3,11.248548746701426,Medium
23134098#4,28.614443444390545,77.22968912885239,28.615022240306864,77.2284813008787,28.615483626676976,77.22948737945795,1,21.62892559628888,Low
23134098#7,28.615190936888844,77.2302905955404,28.61558882078957,77.22972385948742,28.615905793805737,77.23043087769666,1,21.540974198268263,Low
23134734#2,28.618978622961077,77.2193587108693,28.619692919202286,77.21942473586549,28.619542648354145,77.21932811305642,1,13.686457723942452,Low
23134734#3,28.617929260720924,77.21922295588458,28.619469181144577,77.2192468084081,28.61936393125432,77.21902914271499,1,14.942325059673744,Low
23134751#0,28.608942748736823,77.19125961333887,28.60975790671961,77.19161519004362,28.60744224877644,77.19425429759052,1,28.31380041622626,Low
23134751#4,28.605275049442746,77.19496257281097,28.60693769867878,77.19511738142626,28.60539634018384,77.19778309661172,3,22.784715742137703,Medium
23151254#0,28.608643208601713,77.2404992450243,28.607084057525583,77.23999418704385,28.60689108905081,77.2395611855044,1,18.186784285870942,Low
243329206#1,28.585898919870147,77.23338025203451,28.588215396372263,77.22790969432783,28.588112550831774,77.22860060719627,1,11.76259457132817,Low
243329208#0,28.588568788924107,77.23314081286419,28.58855934051974,77.23155860709306,28.5887870413472,77.23341287187414,1,11.189865400586635,Low
24537423#2,28.606003145730295,77.1848533860422,28.605476524361293,77.18681780763951,28.6034619452936,77.18371375225664,1,27.412737895977447,Low
24537423#5,28.60269450237387,77.18247116754769,28.60335625634626,77.1835084132707,28.602574795353224,77.18196662168009,1,22.47923645762917,Low
24563336#2,28.591841519287712,77.22668460519563,28.59090079484484,77.22738589061983,28.590499167420788,77.2238364855856,3,19.24664506548244,Medium
24563343#4,28.58908646005857,77.2475958182643,28.588921353394767,77.2477530467355,28.588935464181134,77.24747877188122,3,1.08016008523421,Medium
24563348#1,28.591038850714394,77.22946253200153,28.591699072795024,77.23107158359669,28.592040077938176,77.23301509053535,1,26.18715843163504,Low
24563348#10,28.593254590177587,77.23859643878309,28.592654337276784,77.23811548488139,28.59277437901564,77.23973579640018,3,16.71417811026753,Medium
24563348#8,28.592111951641826,77.23600620936514,28.592425568642145,77.23615500890989,28.59254135702227,77.23704490580334,2,22.988403673381026,Low
24563348#8-AddedOffRampEdge,28.592509416887086,77.23699183802343,28.59258043189537,77.23712107586653,28.59268133829462,77.23808129938104,2,25.389888517146257,Low
24563431#0,28.61428236970735,77.22727368124576,28.61420729175735,77.2277193017188,28.61612274996501,77.22526377879367,1,28.25297887577125,Low
24563435#0,28.610308635913917,77.22747596606993,28.61094985129873,77.22795778655227,28.61093458682649,77.22707497343772,3,11.795226595618692,Medium
24563435#2,28.6092267188515,77.22623020314713,28.61092839201197,77.22703465976781,28.60997126796668,77.22496300290635,3,19.488740164010903,Medium
24563448#5,28.61390251667935,77.22735840867512,28.613206946052284,77.22474748369382,28.616031027026345,77.2248822860164,1,5.2123384137754325,Low
24563449#9,28.616384905922683,77.22499731080298,28.61666017925037,77.22498154735102,28.61665484557769,77.22507008761566,1,16.227531619358302,Low
24576720,28.602755611716958,77.19767653985544,28.60443632983552,77.19849934971387,28.603080812074342,77.19536588105868,1,26.191175134131104,Low
24576721#10,28.600981440190097,77.19543884103315,28.60105574635428,77.19543081393857,28.601884415777747,77.19364137889154,1,21.05929690741789,Low
24576721#4,28.600328037260475,77.19834095913593,28.597386581837227,77.19800924976623,28.597777722738595,77.19797036369373,1,18.07999563793909,Low
24576721#7,28.600036357214258,77.19732520071658,28.600371373205988,77.19652166898692,28.60049400623497,77.19632046058328,1,17.66240743794599,Low
24576724#0,28.594491160151012,77.19019520934094,28.59609300530384,77.19342230304527,28.59700211851353,77.19095259572097,2,19.99415480170322,Low
24576727#0,28.599209765474065,77.18844805008968,28.598801994775503,77.18753415055515,28.60042234306693,77.18844451451817,1,21.37328239062861,Low
24576727#4,28.601609426607297,77.18928163458438,28.60062435943888,77.1885455213923,28.60147513241492,77.18917117228992,2,21.84494887354326,Low
24576727#6,28.603618239438347,77.19092217845336,28.60153999168021,77.18930062262112,28.60216828244252,77.19027644158048,1,21.146451848480982,Low
24576727#7,28.60565978811865,77.19077635925949,28.602274889541164,77.1903628987997,28.60300764162036,77.19091547718887,5,0.0041409383125078,High
24577096#0,28.61963792466776,77.21975222971857,28.620470994394736,77.21884934888078,28.62607638835273,77.21921361599965,1,8.775185101111926,Low
24577097#2,28.617633084910967,77.21834679534477,28.618373209137047,77.21872730947307,28.619289265767897,77.21877305926013,5,0.0,High
24577106#0,28.618625035994807,77.21458197977361,28.61766538847489,77.21375588447307,28.61843239493432,77.21550171449653,2,22.309714396257803,Low
24577106#2,28.61777082494886,77.21615582778765,28.618525165304305,77.21571042122739,28.61954913089762,77.21801201857205,2,20.351342249478428,Low
24577381#9,28.609597544134953,77.222473194314,28.60833046763916,77.2244797645888,28.60959998977721,77.2245117369599,1,8.428623877116237,Low
24577383#0,28.607336452224548,77.21636146500705,28.60776716657417,77.21793441026983,28.610029000241163,77.21819921587581,3,20.57182858563105,Medium
24577385#0,28.60973359117561,77.22254606846705,28.60968004127736,77.22434563932644,28.60804783258009,77.22048772152776,1,28.16315952085996,Low
24577389#0,28.606039094311182,77.21868941047086,28.606755143127884,77.21886206104071,28.603873148466462,77.22375777106167,1,25.65420142627104,Low
24577390#0,28.603883750937833,77.22693977196231,28.603676211469697,77.22357991713208,28.60493948064452,77.22155577686097,3,19.655854392188928,Medium
24577391#1,28.609713031418114,77.20938708140555,28.61017307461722,77.21195693282527,28.61017939939214,77.2118402998759,1,12.97812796211472,Low
24577393#0,28.6080917192969,77.21756270295316,28.607566752695195,77.21703106717878,28.609659466201908,77.2134232134506,1,28.50151048627586,Low
24577416#5,28.60599858440664,77.23512982701327,28.605206759887928,77.23128749886975,28.605231490555784,77.23077722567595,1,13.21340505763214,Low
24577480#0,28.62860505418923,77.21939127880351,28.629946534171538,77.21945561640146,28.630645849302127,77.21949661802144,2,10.888802349981836,Low
24577482,28.63473426131478,77.2225030070621,28.631627767226178,77.22172206107695,28.63127259159612,77.22235701619978,2,9.224048374960152,Low
24582918#0,28.632540947992368,77.22420060273834,28.63142133611504,77.22389885618657,28.63078699979851,77.22341188330421,1,12.041446569254692,Low
24583320,28.625170300077684,77.20705523794234,28.626463964993764,77.2070597193013,28.62636477811242,77.20682315591858,2,6.638428081483491,Low
24583321#0,28.626683257833115,77.20716722956932,28.626724826997144,77.20733586789216,28.626107669146588,77.20821600625332,2,10.852987983295504,Low
24583321#0-AddedOffRampEdge,28.62595553239546,77.2074819162056,28.62609209678525,77.20830229619949,28.62562385480556,77.20910772171771,1,24.53775488701148,Low
24583324#0,28.622983854255693,77.2159866740642,28.62305573556909,77.21257185005402,28.623158248066687,77.21240527290233,1,13.96661238826244,Low
24583330#2,28.629159728508302,77.20778320601649,28.62832026689376,77.2095482059754,28.62859935977304,77.21016109553447,1,20.111893805915816,Low
24583330#6,28.627266211826353,77.20993113553416,28.62880654611931,77.21061867476743,28.62929433182592,77.21173448821374,2,22.97131218497984,Low
24583330#7,28.625701005815422,77.21143187026668,28.629352271598705,77.21186629600494,28.631160750745444,77.21585541126395,2,27.77834207477379,Low
24583332#0,28.631065097395762,77.21761597139773,28.631366516208995,77.21667981378324,28.63117310552747,77.21627496452281,1,8.57970139109946,Low
24583332#11,28.627882799910704,77.21074722538707,28.628643559190564,77.21058764670619,28.62785657657708,77.20886262946313,14,2.238696888134148,High
24583332#14,28.628059564288364,77.20804543126079,28.627770398307057,77.208675113545,28.627163956500027,77.2073808510138,17,2.4338324943911527,High
24583332#3,28.63095824852923,77.21484241725975,28.63108292141047,77.21607375129103,28.63027793471832,77.21424580669003,3,20.262043803041703,Medium
24583332#4,28.630704104095432,77.21549197569203,28.630219267474818,77.21411449256341,28.62870485758919,77.21072381860121,6,21.44211622118903,High
24583333#4,28.62617399806861,77.23258088711314,28.62609764056187,77.2321388872781,28.62607097051528,77.23220233830979,1,6.058114865074449,Low
24583333#6,28.62561595669875,77.23332590606262,28.6259383891652,77.23236887648116,28.62582108651865,77.23243501065213,1,7.195492338140294,Low
24583334#0,28.62288719483715,77.21248212601034,28.62324764748706,77.21321284798097,28.62285557685652,77.21383872794418,2,11.140090844257523,Low
24583334#3-AddedOnRampEdge,28.622438067313936,77.20926183211192,28.62255568217669,77.21433973787862,28.62208694605808,77.21514019006486,1,20.13771796289571,Low
24583335#0,28.6207430371126,77.21495377815117,28.621732191228595,77.21544237633414,28.62269312181609,77.2139242832899,2,17.76532799756454,Low
24583335#4,28.624017056108272,77.21406084073108,28.6227864474693,77.21376784340528,28.62308396896441,77.21304191336999,4,4.577160206245854,Medium
24583337#1,28.623997577601635,77.21685996375913,28.6216362531108,77.21546050613372,28.62167892291773,77.21546651518449,1,12.17876389901365,Low
24583337#6,28.618355974391278,77.21720320562396,28.621705611893923,77.21612418275174,28.621573818981425,77.21612785615856,1,1.0906588002845887,Low
24583337#8,28.621079035720506,77.2157599257565,28.62135631549247,77.21592153323634,28.62134988166021,77.21590667304606,1,11.860673808124917,Low
24583339#0,28.62361804313453,77.21720218485008,28.62150854916992,77.21616309305193,28.620344741281155,77.21838797235306,21,3.385928305629663,High
24583488#7,28.628657830161572,77.20715654162532,28.628113797134617,77.2127174372073,28.62705738505826,77.21190662068986,1,11.0609178710709,Low
24583489#0,28.62840144855944,77.21289082234559,28.62864138534044,77.21071532947532,28.628314401236945,77.21083681629437,1,5.668546800834787,Low
24583489#6,28.627294628775125,77.21255690376074,28.62722910613019,77.21078900984686,28.62711982880395,77.21078416249202,1,12.977396547873692,Low
24583489#8,28.627682151885896,77.20998693791826,28.62670517524917,77.21076544850403,28.625795049773487,77.21135666839717,4,10.44976205125327,Medium
24583771#1,28.623772163609523,77.19965271355545,28.623570475807405,77.20018958804532,28.623581689048265,77.20002692182625,1,14.997157225931652,Low
24584375#0,28.62606294761962,77.20820553086969,28.62629653333816,77.2067475877194,28.62489552739216,77.20655567930721,2,16.172585947043256,Low
24584377#1,28.62273598900958,77.2072412318159,28.621834618016862,77.20626238501491,28.624205927023315,77.20641076836138,2,22.91909578485041,Low
24584378#9,28.621527713933403,77.20497590989454,28.621246827382453,77.20515102787705,28.62081497242463,77.20591731345715,1,0.0,Low
24584394#0,28.623214848064823,77.20233440052583,28.62283831607279,77.20442768342635,28.6225802360496,77.20289270190854,1,12.743835626321856,Low
24584423#1,28.61737815961185,77.20293111227345,28.617403608165816,77.20285649164153,28.61756759182737,77.19981611843761,1,19.528135427234968,Low
24584424#3,28.621494536651507,77.19804497047173,28.62054474017165,77.19882311010102,28.62246345085544,77.19892313103831,1,12.766565637022929,Low
24617983#0,28.604817956925626,77.1975404345781,28.60508130412861,77.19905435873059,28.604949818078577,77.19926152220263,1,4.31944736361038,Low
24617994#0,28.603021245750277,77.19956574138638,28.60452030293595,77.19938548758073,28.60149186034903,77.20461793725266,5,21.13776996979681,High
27422249#6,28.603703516581337,77.205466969489,28.602762875554745,77.20516365213652,28.601596884421333,77.20512283680682,2,13.801446747879195,Low
27422252#10,28.60098121648633,77.20624237570239,28.6011665165547,77.2054486773039,28.60090902880449,77.20531406997385,1,10.031110486502756,Low
27422252#3,28.601818282924576,77.20381305929621,28.60083863301444,77.20483259353405,28.60127737909633,77.204585138492,1,18.83251715596116,Low
275694828#1,28.58794885851857,77.25169344842885,28.58835481281476,77.25189669912066,28.58835385949116,77.25117712524015,1,6.102705870196224,Low
278577243#3,28.6234873156034,77.19970571964927,28.6252909060709,77.19821920513508,28.624234801644743,77.20000229904042,2,11.758027390821296,Low
28103660#0,28.613767345870816,77.24226812135346,28.612761634049527,77.24269308197644,28.612754599665006,77.24287278642399,1,19.91492420375628,Low
28103660#4,28.611775701457763,77.2407835291885,28.61253439727513,77.24444517296413,28.61250975545784,77.24492510998627,1,27.70575355538963,Low
28103660#4-AddedOffRampEdge,28.609955789829513,77.24455576476511,28.61253435677292,77.24500865836045,28.612519899778743,77.24596825040199,1,28.827283865017325,Low
28103851#0,28.63044253448856,77.2513347538225,28.63040309966173,77.25206902275953,28.63098425200409,77.25213399932859,1,20.8860017195998,Low
28121207#0,28.59775591432194,77.21748207438579,28.60019007488133,77.21773074430111,28.600282629748232,77.21736238714941,2,9.02436099089937,Low
28121266#0,28.603538402280833,77.21086553598056,28.6037351752508,77.21138320620393,28.6038152917445,77.21124532642104,1,10.035068048798,Low
28121481#0,28.598227252107616,77.22286551489543,28.59704782996309,77.22191592019028,28.59707644912862,77.22063737758408,1,26.85878613452559,Low
28121481#0-AddedOnRampEdge,28.597959292351785,77.22257638880895,28.5970801849251,77.22295835936845,28.597016285636688,77.22199632748053,2,10.844726932505202,Low
28121513#4,28.599394468187533,77.22222795102245,28.59947512276583,77.22272078301154,28.60067482344536,77.22381922013778,1,12.015749050683066,Low
28121614#1,28.5998416733554,77.2359506733818,28.599532367326724,77.2323709827894,28.59412197867064,77.23301044903089,1,20.382117469319283,Low
28211393#6,28.597479453603235,77.20064239268362,28.596339646773515,77.20196301262098,28.59630546909489,77.20637918900565,24,2.4990505176518325,High
28211393#7,28.59570844969428,77.20559513095796,28.596286015546173,77.2065876450288,28.596266897091205,77.20666463606281,1,0.0,Low
28211393#8,28.594617300522255,77.20682962336431,28.59623112030805,77.20668965119637,28.59611454953997,77.20720482112367,7,0.0,High
28211431#0,28.599661400131797,77.18707657055631,28.598580238383462,77.18721374874754,28.59999255939028,77.18376856253471,1,26.87955873113715,Low
28211431#7,28.597393141520566,77.18255676731577,28.600780632429423,77.18190203897846,28.60084238480193,77.18179892958328,1,26.4100840053908,Low
28211431#9,28.60252408423726,77.18133628869845,28.60107008413772,77.18142576046135,28.6018678643838,77.18070969773173,2,8.8491878980861,Low
28616711#1,28.610820587561488,77.22722263284668,28.611086052211725,77.22699974656416,28.611561682214685,77.22751887294322,4,0.0,Medium
293530132#0,28.624002412812665,77.24100434100296,28.624567277870977,77.24080837760626,28.61994567390732,77.24042582937116,1,24.99006982540562,Low
296963058#9,28.608782156776584,77.22836175855726,28.610092746871423,77.22894190534127,28.610316233922624,77.22890940793643,1,0.0,Low
296963059#4,28.60785596207521,77.22616928027435,28.60701241359394,77.22695254061205,28.60453179809481,77.22506161527726,3,27.77489860383572,Medium
309159544#8,28.589693096156076,77.18474584729609,28.58984425030113,77.18739236168037,28.588808930394645,77.18638719442718,1,13.911187238762205,Low
309159558#3,28.589440438869513,77.18472960774788,28.58880092189315,77.1845497071611,28.5892865469423,77.18315974774579,1,23.082184682988107,Low
309159562#0,28.591380150747916,77.18791250102568,28.59190391557715,77.18777809981843,28.59203516012221,77.18744499351303,1,0.0,Low
311742565#3,28.598703692800882,77.21853930628015,28.599160235051496,77.21857290120496,28.59853967517185,77.21892392065244,1,22.472187347031088,Low
311742565#4,28.59884983595588,77.21771430936431,28.598505743074195,77.21890777009209,28.59828724340423,77.21905458794589,4,0.0001950450147998,Medium
311783752,28.60222710088146,77.22305632033935,28.60259912151749,77.22557245665853,28.603638537269784,77.22624880583358,1,15.090196438358232,Low
338959812#7,28.591034033923098,77.25047675656067,28.591268186740496,77.25057445961703,28.591265515460154,77.2503331476899,1,9.05593871083219,Low
370533501#10,28.596340545206164,77.20290644854938,28.59621744086016,77.2018708057001,28.59608403581809,77.2006122932352,2,25.0534266630796,Low
370533501#13,28.595671325667293,77.20251238070983,28.59609246627064,77.20046535525144,28.596056126045543,77.19887916454964,1,17.950721049288827,Low
370533501#3,28.595987473444254,77.20871919485155,28.59630059266205,77.20596361116004,28.5962476192108,77.20199043459981,2,24.35917388538175,Low
370533502#0,28.600678675980888,77.20560229700067,28.600849688993947,77.20529555230253,28.59945263161425,77.20585862675429,1,14.600692337607764,Low
370533502#3,28.59801235356792,77.20630575755114,28.59933262575084,77.2059141897549,28.597668724234545,77.20664577856114,1,25.655963635408625,Low
370533502#6-AddedOffRampEdge,28.597948743897803,77.20833623801609,28.59708052982527,77.20695583042775,28.59629549528742,77.20732443348817,1,10.661477189628185,Low
370533502#7,28.594594752639356,77.20769346942068,28.59625434241643,77.20730834051845,28.59618560538031,77.20734053839763,1,0.0005620492545498,Low
370543237#1,28.628568649874904,77.24669984643563,28.62805800604639,77.24602646183831,28.62778944529739,77.24193310954112,1,29.601793114678745,Low
370545701#0,28.62160575791122,77.21928245811199,28.620055380513524,77.21820058775367,28.62136878015937,77.21608622468209,4,13.538475493198304,Medium
370546887#2,28.595545747630396,77.21386376497809,28.594856634277548,77.20799403218201,28.59159123392657,77.21111284150734,4,23.53073926311353,Medium
370546887#2-AddedOffRampEdge,28.591394624428982,77.21179791224051,28.59162422070801,77.2111925547454,28.59167420419845,77.2121551630635,2,16.48773815614735,Low
370546887#2-AddedOnRampEdge,28.59835248775431,77.20749432160625,28.59572085395373,77.2076277072778,28.594934332884765,77.20799330540105,1,17.873897232867748,Low
370546887#6,28.59186463062974,77.21312505737112,28.59164718435778,77.21219088825737,28.5916722045569,77.21258182308907,3,0.0,Medium
370547061#3,28.604731534480532,77.24240155629032,28.602819826584533,77.2428639057184,28.60283573106673,77.24318956558827,1,11.06513822137995,Low
370737783#1,28.607713151130856,77.20302081982989,28.607710478653846,77.2015220036248,28.60780038063262,77.20246953884565,1,11.06929779680507,Low
370905889,28.60687887555882,77.22268952149483,28.606993037302693,77.22242726852923,28.60828143686006,77.22441605550637,1,12.565528539624758,Low
370908549#0,28.60614319226363,77.21368873278546,28.60744410356824,77.21374299116366,28.60715904772227,77.21411459774487,1,11.87070321531042,Low
370947969,28.601165480393316,77.23249624149167,28.60143762833393,77.22992536877983,28.60158684905733,77.23015119387674,7,0.0,High
37222895#0,28.602722037182936,77.21214779103784,28.60383024012653,77.21115311200711,28.6018884416394,77.20674000381872,2,15.828162427522749,Low
37222896#0,28.606335494712507,77.21881220492318,28.60656394787349,77.21731847022548,28.60474814621977,77.2131811746344,1,10.616948601637764,Low
37222896#2,28.605399843519987,77.21139048313333,28.60469055665557,77.2130500187224,28.604176722692976,77.21201540845725,1,0.0097318918325219,Low
37222897#0,28.598271732036523,77.21109129233406,28.59782557298755,77.21106273007624,28.60368527406109,77.21143328097709,1,7.162690483999904,Low
37222899#0,28.602475072375952,77.21180871688865,28.6039687123509,77.21201196987475,28.601594070761788,77.21601769241859,3,18.691979520570943,Medium
37222899#3,28.600638234119423,77.2164807198869,28.601453922845213,77.21625092019178,28.60090784107173,77.21728943416142,2,17.2207288081615,Low
37222900#0,28.599176198638045,77.21302385731579,28.59779880750653,77.21131520004856,28.59840464922957,77.2126614423869,1,10.345932339862904,Low
37222901#4,28.6030245439764,77.21586289492541,28.60150088567291,77.21594468107891,28.603809292750093,77.21191160328398,1,21.26752920232597,Low
37222902#0,28.60063267171726,77.21797502675025,28.601014155407,77.21759674337144,28.60214345357154,77.21772341883637,1,22.195752541372,Low
37222902#2,28.601243187798683,77.21947020491437,28.60227668299269,77.21773122727969,28.60516139113781,77.21791165810168,1,26.290647189694468,Low
37222903#12,28.602064932929316,77.22227952514616,28.60273309466356,77.22238389607978,28.60326540821996,77.22352464299475,3,4.846820754313333e-05,Medium
37222919#0,28.606968145059305,77.21713402068484,28.606156449369404,77.21811977194123,28.60543954326163,77.21802322039318,1,16.3363637499115,Low
37222919#2,28.60669411381322,77.21775779490471,28.60515496815721,77.21801744524035,28.6022714814734,77.21782855140869,2,25.80262995977801,Low
37222919#7,28.59997413819009,77.21919849608737,28.60213171125718,77.21781242635741,28.60099174408912,77.21782497763292,1,11.086869407759515,Low
37222924#0,28.602241198539076,77.20257685104113,28.60144901852319,77.20541562594262,28.601903260987424,77.20653358698199,1,12.751824639598764,Low
37222924#2,28.602016068509883,77.20699993249195,28.60196221023664,77.20666476448929,28.60399470441391,77.21107149278224,1,19.61055983527558,Low
38699583,28.625916514441563,77.23935479573306,28.62684516007147,77.24107510398723,28.627330441984967,77.24052716780596,1,15.139494840726757,Low
39013511#1,28.59099729078764,77.24390461994459,28.59165320286246,77.24486448452191,28.5911922109732,77.24519264816585,1,25.39332790543381,Low
39013511#5,28.589720825223527,77.24628275003121,28.58978339956051,77.24619507589192,28.588959546758414,77.2466789679791,4,4.927623866179168,Medium
395885020,28.60161908926564,77.2540203869274,28.60103429454164,77.25481899818466,28.59576596419272,77.25653131488664,1,28.73213375496985,Low
422146755#1,28.600684792628275,77.2602644627758,28.59811290570477,77.25987552105447,28.599580388217863,77.26138288843197,1,12.717000573132944,Low
43540281#1,28.60866055335267,77.23546043149395,28.610253599155808,77.23581755002895,28.60949173328799,77.23770817488978,1,28.41426396185132,Low
435426351#0,28.61269086404356,77.23847982439264,28.61267200828984,77.24058947356754,28.61248239154178,77.24022134350663,1,17.879290814443184,Low
435426352#0,28.613123269418068,77.239334098352,28.61382182345699,77.24026450365534,28.6128100306426,77.24148032549728,1,21.891436227885062,Low
44188368#1,28.621392511636518,77.19637687068338,28.62276281350952,77.19737247476544,28.621848568299768,77.19531051109897,2,26.59899003823635,Low
44188368#2,28.62132865043691,77.19479913922324,28.621786801480475,77.1951799710246,28.61899802949416,77.19166191211511,1,30.15609708151199,Low
44188368#3,28.61787648963769,77.19157293665951,28.618888557040144,77.19157977618016,28.61069641481676,77.19103254236695,3,25.830255239950088,Medium
44188368#5,28.609823355154905,77.19311871176025,28.610580012272223,77.19109996087461,28.60997765394041,77.19147323327616,1,16.77829966473561,Low
44277690#1,28.627517239622005,77.20244447298334,28.62799929804287,77.20501456120512,28.628805824376222,77.20511027134165,1,19.00999749594586,Low
44277690#5,28.630645486600102,77.20727896423101,28.629899296770294,77.20520472319686,28.63091893534974,77.2052952815016,1,19.072859803744343,Low
44277692#1,28.627444347939175,77.2030062095044,28.6278028756384,77.20524709285213,28.627470535249305,77.20615775401474,3,2.239587283508,Medium
44351575#0,28.597516352826577,77.19274832411516,28.597262603491245,77.1902382676786,28.598320801264062,77.18779142606611,3,18.303137968050287,Medium
44351579#2,28.590990824583887,77.1837865362033,28.591453735509194,77.18379481456455,28.59309060316813,77.18466746494441,1,7.361888700072441,Low
44351579#7,28.598093655405137,77.1864462440416,28.59674157897182,77.18656859559016,28.598365404365147,77.18729752821457,1,20.755344063224644,Low
44351581#10,28.595343990010697,77.19296871390102,28.59422567659938,77.19280560209371,28.595750459472345,77.19358070353691,1,15.447417235573626,Low
44351587#0,28.597601442197337,77.19569351083116,28.5954400205048,77.19638698714265,28.59543439222296,77.1957931020146,1,22.069269585078512,Low
44351587#1-AddedOnRampEdge,28.593668000567792,77.19558592258947,28.59541088690217,77.19575693402321,28.59561470334001,77.19481592565964,1,23.6036374592342,Low
44351926#0,28.593342010952775,77.18213646617063,28.59330233885679,77.18198009734623,28.593626875285604,77.18107285211435,1,10.134530328018965,Low
44351932#1,28.604733243442066,77.18619155504287,28.60362338454886,77.18919424949131,28.60348931544836,77.1890427087539,1,11.68868384576387,Low
446922581#2,28.626439994961682,77.23674556683517,28.62525691870477,77.23950213627104,28.62563888244896,77.23250283868774,7,0.0,High
446922582#0,28.625373591230158,77.24254909977047,28.624948733774144,77.24026427922176,28.62084593278089,77.23715670815298,2,3.1392635809901623,Low
446922582#6,28.62129079751639,77.23464650522165,28.620640025362096,77.2370096946341,28.61969625926473,77.23632032149548,2,10.772990014526837,Low
446922589,28.62645994030558,77.23115882327585,28.62588734375552,77.23150215661327,28.625997983951383,77.23159397608377,1,11.543570523199376,Low
447141132#0,28.62041529390175,77.21676189228783,28.61976676405892,77.21824329493495,28.619973440390392,77.21823997161509,1,12.276982804092274,Low
447141132#4,28.62217711891917,77.21836735653137,28.62037251545957,77.21858182055612,28.62042272433843,77.21879413780493,1,10.54366889755087,Low
447141133#0,28.61867051516667,77.21890769038717,28.61935744554325,77.21869790409633,28.61949684106764,77.21841176002457,1,14.450160416717472,Low
447141145,28.618164382002558,77.21255575424493,28.61731153890741,77.21252796336077,28.61722392697672,77.2126385024631,1,10.810831737375482,Low
447141146,28.617732125492815,77.21567886102366,28.617161818483343,77.21269568879673,28.617018575736616,77.21273747153371,1,11.932632607370646,Low
447141147#0,28.621742943966808,77.21876426553827,28.623573240512485,77.21316558456417,28.62331954113892,77.21318081547507,1,13.250939107365223,Low
447141148,28.625078547790906,77.21288802532247,28.623765860448582,77.2125037112835,28.62380407354464,77.2128875777144,1,11.818129376894095,Low
447141149#1,28.628206410028234,77.20661402512167,28.62750598270611,77.20628039369738,28.6273765322507,77.20717606951095,1,5.769159501604736,Low
447141150#0,28.62750329308999,77.205878341962,28.626893825805386,77.20593431229966,28.627086335920115,77.20594212272871,1,7.066763481913154,Low
447141151#0,28.62211839890528,77.20244675405071,28.624232984867177,77.20032530235703,28.626182092086296,77.20478779094472,1,28.418298369049,Low
447141151#7,28.62367575214621,77.2056828048672,28.62624104122673,77.20491899875807,28.626798432942348,77.20589130959182,9,2.645252118746632,High
447141155#0,28.619881207471174,77.20148894418593,28.623714165726334,77.19942543004083,28.623603036439327,77.19918443789415,1,13.866380763075018,Low
447143201#1,28.616694659531987,77.21192516066971,28.6168763237666,77.2119448905388,28.61701173622299,77.21192400674136,1,14.726711358465003,Low
447602096#0,28.62629752239353,77.23182536009766,28.62577966647238,77.23250653460647,28.62570023540581,77.23357583037895,1,10.449514934653212,Low
44831985#1,28.61055087351027,77.22971822328499,28.610067944025342,77.23285483501643,28.60859668530282,77.23363286853548,1,20.623982650509166,Low
44831985#3,28.60852420033177,77.23397454457684,28.60848099923508,77.23369943494984,28.606609299559377,77.2347569852528,5,5.3701636661167225,High
44831985#4,28.609393564468498,77.23450900400466,28.606522423398275,77.23480544899252,28.60626236634439,77.23494901150397,3,1.1829966797357685,Medium
44831985#4-AddedOffRampEdge,28.605830223803487,77.23480540579448,28.60621021988551,77.23501436452155,28.605454225422257,77.23545619243254,11,0.004127438071632,High
44831985#5,28.605923259695867,77.23305203366402,28.605415396440826,77.23544166982013,28.604968682106502,77.23568770864524,14,0.0,High
45323261#0,28.593300190037954,77.2245215651182,28.59402271469651,77.2235802708432,28.594529239061945,77.22863101611212,1,13.803879395041868,Low
48964552#0,28.627261194499678,77.20610135933659,28.626543346329303,77.2060416178935,28.62468212470003,77.20168707371514,1,28.021921282132013,Low
48964552#5,28.624487511571296,77.20286047263244,28.6246235363232,77.2015556725693,28.624040580122195,77.20053317213521,1,27.35224884938508,Low
523568281,28.596160026497948,77.25705866124517,28.59576333493431,77.25653207654801,28.5951000743356,77.25674904584581,1,27.75568702572704,Low
523568284#3,28.628784875731778,77.2270177409944,28.628768261368165,77.2267947554434,28.627555516991794,77.22890132649736,2,18.11072066701569,Low
537797266#0,28.61052879200864,77.21974624802648,28.61042646726561,77.21824805967573,28.612268494509184,77.21836244308513,2,22.88960327450345,Low
537797266#4,28.613122976943494,77.22181797885294,28.61239835119861,77.21837233031104,28.61335891879785,77.21844395533421,2,6.735450892640515,Low
537797267#3,28.614707813870602,77.22799259695263,28.61314821082421,77.2249066738951,28.613037386269284,77.22761035013097,2,0.0181908206221657,Low
553090002#0,28.60450156679087,77.19832175702362,28.60487061048716,77.19844868517642,28.60819670033586,77.1930081733435,2,25.538718222333628,Low
553090004#0,28.610103289062614,77.19141182370953,28.61011155277211,77.19122775744276,28.62311019455244,77.19783967508262,9,24.902163936020173,High
554665390,28.626409659542322,77.20749965476712,28.627097468998528,77.20733589530671,28.62678562264507,77.20732036923734,2,12.86667864399296,Low
554798487#1,28.610090005196255,77.1895326494143,28.609917420283125,77.19135920407567,28.60999514710307,77.1913065247641,1,4.029102253056759,Low
555197213#1,28.598469349374803,77.25530761627599,28.599045170171674,77.25525180342434,28.60060149116408,77.25476385082774,1,23.976108102925867,Low
561759718#0,28.592602557474187,77.23891647278728,28.59256946163867,77.23892251744245,28.59210674259976,77.23459306251836,7,10.594063239790207,High
561759719#0,28.591936748335428,77.24297474577358,28.59286993845328,77.24334792350993,28.59294346448284,77.24187575749117,3,15.212194434599176,Medium
561759719#1,28.59105636099364,77.2441362460945,28.59294494564336,77.24180801133504,28.59290122433241,77.24115077547755,2,19.301401084180764,Low
561759719#2,28.594956064759025,77.23868786221898,28.59285774939053,77.2408824228797,28.592731303705648,77.24013122285884,2,8.804512756632413,Low
562202340#2,28.614424942509245,77.23482256505264,28.61456911861534,77.23472708077736,28.615389644941843,77.236876283229,1,22.30062510619482,Low
562202340#2-AddedOffRampEdge,28.616181470953375,77.23729891972877,28.61544805559612,77.23693437292673,28.61583232334889,77.23779294164642,1,29.47918429309912,Low
562202340#7,28.616337369501913,77.23868077154317,28.616838283656563,77.23979612532402,28.61728123416678,77.24018212428781,1,12.81076446637516,Low
562340234#2,28.60057746913102,77.21875049760604,28.600609182512923,77.21810034222881,28.60030400785822,77.21797492730208,1,24.677606961033447,Low
562340239,28.61800930369327,77.21904434169598,28.62039499803675,77.21904367320728,28.620264026308377,77.21928367397503,1,5.422197049053722,Low
562340245,28.629483350765597,77.22187626931107,28.6302833619749,77.22138724430818,28.63012752914368,77.22104116744308,2,11.726183999979344,Low
562340247#0,28.62903609711456,77.22522230976548,28.630365686606662,77.22155004714656,28.630280160193145,77.22143943461562,1,18.819563912178467,Low
562479736#4,28.60008098033232,77.23797799842897,28.598867756814336,77.24056289354199,28.605139613813595,77.24014973626414,1,27.362272150356823,Low
562499724#4,28.626012616859107,77.22591349623343,28.625137593333427,77.22515841898517,28.626522661826748,77.2282115236619,1,14.526622327253603,Low
563679820#4,28.62763300256696,77.22162713157338,28.62699039594798,77.22442900901268,28.62799929080338,77.22569432272071,1,23.58105246536285,Low
563679821#5,28.628898686743955,77.2179758387404,28.629049208771217,77.21941218671347,28.62984639695586,77.21946567832283,1,11.51664012832792,Low
563679834#0,28.607673333499676,77.21752129946749,28.607675866258337,77.21838031973412,28.6075091471607,77.21874274572669,2,10.087191824966837,Low
563679834#4,28.605543691646382,77.21785342250321,28.606744293421745,77.21878075433031,28.60653056548428,77.21863608682744,1,16.74093371826761,Low
563679834#5,28.606873504676503,77.21771991160831,28.60645152791373,77.21856980815956,28.606222465362315,77.21818782128274,1,17.228380714038234,Low
563679836#1,28.62515782730682,77.22496712891964,28.62525465420848,77.2240792776266,28.62482826579133,77.22432491434044,1,19.174487625014688,Low
563679836#1-AddedOnRampEdge,28.62682891661685,77.22191384219221,28.62609033592686,77.22363447388076,28.62533210862526,77.22407140069647,1,14.228818976924378,Low
563679836#14,28.623368638318915,77.22814100603019,28.623389534935605,77.22513023278258,28.622933243694742,77.22538903533132,7,6.844624456834286e-05,High
563791811#2,28.62713676763097,77.21987053719484,28.62642613646004,77.21963615918871,28.626329214770777,77.22156380068498,2,19.19124487455504,Low
563791816#0,28.597011439634944,77.22111266539164,28.59718039982664,77.22063138500086,28.597315249603795,77.2231166584203,4,19.01944540634206,Medium
563974730#0,28.625428506328753,77.21854317568591,28.62631645055603,77.21917162694609,28.626323355040626,77.2189814628077,1,8.47330481314566,Low
563974730#3,28.627232524727688,77.21656466818733,28.6259583276142,77.21721038373092,28.62605716136902,77.21595096057199,2,18.02232537861561,Low
563974735#2,28.62922985695224,77.2248177581325,28.627947734830048,77.22578987338484,28.62707048484382,77.22472224847004,1,22.988641118108195,Low
564223496#0,28.630322776744876,77.21847185543372,28.63044983967793,77.2176862712469,28.631334437154244,77.21677097504895,2,6.708264660074936,Low
565938874#0,28.58987009669793,77.21478753658539,28.58970022288356,77.21487209771891,28.589774118128364,77.21569503784858,1,20.68502922697117,Low
565938874#1,28.587631843309417,77.21642024772677,28.58978868039344,77.2158419362376,28.5902046693037,77.21960177734401,3,25.335899154572317,Medium
570153610#0,28.59130294571301,77.24628068403585,28.58949720278231,77.24537773081074,28.58977340962313,77.24593756206937,1,0.0,Low
570413590,28.615797325759942,77.21493376643268,28.61693535033226,77.21272856836892,28.61667610100776,77.21252005726842,1,15.046186368630757,Low
570413594,28.611530939746512,77.21139967228743,28.61091550653065,77.21183875457633,28.613662514019893,77.21209796933033,1,26.046435611718348,Low
570413602,28.600941195201795,77.19203708045768,28.596978028426243,77.19059519528297,28.59702262076949,77.19043765682342,1,12.67477415913099,Low
570427350#4,28.603884275614536,77.2129968910743,28.60380449027232,77.21182991487903,28.603733187602604,77.21169857578582,1,7.833616460672257,Low
570859657#1,28.608578389412624,77.19207400095638,28.608926686313204,77.19020503101407,28.6076314244572,77.18898904497435,1,19.167927026618745,Low
570859657#2,28.606821986774264,77.18793502288561,28.607531329787854,77.18889597122636,28.60611536767064,77.1875433729971,1,10.398471438864345,Low
570859662#1,28.60306924790236,77.18809773176415,28.606193718225445,77.1874351871786,28.60978159352076,77.19117704277289,4,12.021035927732608,Medium
570859682#0,28.60110961572748,77.23805560492147,28.60123158003268,77.23798219902561,28.603574840916767,77.23641005545583,1,32.241201211227214,Low
570859682#2,28.60373722235378,77.23699136361215,28.604400719623733,77.2358724915074,28.60472331865149,77.23566247283706,12,0.0,High
579781482#1,28.625834569961444,77.22693099089219,28.6212093796098,77.22628821356417,28.62202499175439,77.22582420364253,6,6.249765106729494,High
579781482#2,28.62283778397079,77.22657200799048,28.62213929200356,77.22575391037023,28.622697810765143,77.22540728083072,9,0.0,High
581522562,28.617597283353007,77.20394559344723,28.61742048189641,77.20392733957078,28.617360554458468,77.2055919035122,1,24.240742733856507,Low
581546746,28.6244899173693,77.24017265022414,28.625683663449603,77.24042070270983,28.62654136743888,77.24110771220147,1,13.05961313769221,Low
581989173#2,28.613601635516737,77.23417434568161,28.613959670629946,77.23470834520134,28.61126810819706,77.23452701415123,7,25.51198790196305,High
581989173#5,28.610263282665485,77.23292714872719,28.61064082339543,77.2340304146778,28.610199724760847,77.23299974473183,3,15.99960618669958,Medium
582090037,28.627381625671074,77.23545861812075,28.627618054454555,77.23453650458447,28.62570657284989,77.23530867047019,1,11.023213296088368,Low
582454141,28.606434424781824,77.20363241192833,28.60730024152067,77.20346886469343,28.6081688938202,77.20424432696282,1,4.349572897376492,Low
582461171#0,28.61653359902727,77.23277063192377,28.61547599157032,77.23290464842957,28.61536474418227,77.23311252168187,7,2.778283505793376,High
582461172#0,28.61001586706858,77.22808576180304,28.610108150151262,77.22938229653383,28.610170368959785,77.22927492354617,1,15.279329555263256,Low
582461173,28.603744786224727,77.2245099229792,28.603923685474467,77.2243895540855,28.603821033033054,77.22441540475302,1,9.602723407054016,Low
582776170#0,28.612610194482752,77.24032060947796,28.61289913963088,77.24003101164737,28.614829301267005,77.24011166003241,1,22.439017801073778,Low
585446279#0,28.62110123807651,77.24377953969586,28.61961464301788,77.24049600123594,28.61746687719216,77.2404685897929,1,20.81470226210038,Low
585446279#1,28.61667880926617,77.24098579755253,28.61738152856005,77.24046820885516,28.61475128111776,77.2402465072209,1,27.81119108550105,Low
585446280#1,28.610529462446426,77.24123832077855,28.61238944669937,77.24018378818997,28.60750740950281,77.24021767721017,2,23.42622818898218,Low
585446280#10,28.60469223016914,77.23949020247588,28.60559169903121,77.24038712353922,28.605166335660627,77.24041633332406,1,9.95238167714998,Low
585446280#11,28.60457040109221,77.24069249219697,28.605132586052505,77.24037840144284,28.59883056775391,77.24073304029972,5,23.96537479393438,High
585446280#6,28.606016155294117,77.24016401344771,28.60705403186598,77.24023862487768,28.60571907713245,77.24034484104712,3,12.704280618425138,Medium
585446284#0,28.588574119522644,77.22941148254591,28.591162513207703,77.22929284031235,28.591128698449253,77.22904463411132,3,0.6552249707740431,Medium
590609994#0,28.620511980633257,77.20974317418802,28.623221265281465,77.21235321540298,28.62353397498012,77.21230475876592,1,11.49982817924908,Low
590610030#0,28.62674502572389,77.19574235668132,28.62710031838752,77.195160584321,28.629348481389936,77.19690100412863,1,18.250282080469443,Low
596373338#12,28.6214225998276,77.21791524534106,28.62121948072334,77.21905038219009,28.62045483679668,77.21900402945643,1,15.934706336430729,Low
604050032,28.603647666838718,77.22240623739447,28.60316260520376,77.22379617215572,28.603243551268417,77.22364697206737,1,9.239483675537352,Low
611866595#0,28.62256323984542,77.20737955487161,28.620737147260595,77.2066295419395,28.62145038808091,77.20830839766013,2,19.148738584751317,Low
611866596#0,28.619199382261964,77.20882967008902,28.62085098093985,77.20972090280848,28.620491596729387,77.21049563761748,6,0.6865318804230212,High
612734123#0,28.6277217498092,77.21672093509291,28.62997140162096,77.21698376931856,28.630737242549618,77.2163449575285,1,9.613255956647995,Low
656933872#0,28.616481489713035,77.23143946342279,28.616156932209023,77.23178774814112,28.61557797204912,77.23269514712236,2,19.37486665728024,Low
656933873,28.615737985006014,77.23081726861862,28.616184968592712,77.23103311085323,28.61618400492976,77.23162860381753,1,26.583498743925293,Low
656933877#0,28.623701157349792,77.23220808710482,28.62510209308028,77.23195685973032,28.62286481651148,77.23181431469845,3,15.781256441690823,Medium
656933877#13,28.620106637752727,77.23106134076953,28.620837002808788,77.23168541347353,28.61769865843836,77.231485891211,2,22.068293010110388,Low
656933877#9,28.62378840220876,77.22573875055163,28.621609985066844,77.23173448902638,28.62096679416324,77.2316936811554,1,21.61931883207669,Low
664985708#1,28.591823243529312,77.21241716101555,28.59188727796976,77.21296518836621,28.592144971089613,77.21322493348084,1,20.81163401440615,Low
664985708#2-AddedOnRampEdge,28.59319565646282,77.21503176639735,28.59218329158601,77.21322103397486,28.592809154994114,77.21387073317695,1,21.28721150404308,Low
664985708#3,28.593242860567948,77.21281867735723,28.592930150447348,77.21402548953978,28.595838206967443,77.21679183566152,1,25.33767262831847,Low
664985709#1,28.599973516246614,77.22323112599459,28.602933028074187,77.2237599486667,28.60082980577217,77.22173562244681,1,23.05324436520237,Low
664985709#6,28.598085702370643,77.21655173729586,28.59826163336921,77.21926864029496,28.59821127631115,77.21921963384605,1,2.007142720590874,Low
664985710#3,28.599158102659736,77.21971138287984,28.59916712871061,77.21993748164775,28.59975740205585,77.22054337296997,1,16.955383813218223,Low
664985710#3-AddedOnRampEdge,28.598728032195236,77.21936456500941,28.598462029850783,77.2192631399755,28.599131506755604,77.2198592381864,1,12.601690346687835,Low
664985710#5,28.59906624983329,77.22179117226266,28.599855596204524,77.22064092672963,28.60290713355688,77.22356739834638,1,25.40567135212191,Low
677663227#0-AddedOnRampEdge,28.609014828005865,77.24004683894836,28.609257287168603,77.23942551435601,28.60929539164384,77.23846256503313,2,15.406299915528493,Low
678397111#0,28.59490157320483,77.24060360907569,28.59283502542869,77.24017186087379,28.59321902923072,77.24320608471506,1,25.42691377164328,Low
678397112,28.59157952589738,77.23987289703949,28.59284286383236,77.2398448955375,28.592854900741827,77.24000104949855,1,10.5801890511345,Low
679552300#0,28.61638945585202,77.25323836217336,28.615145997764778,77.25032743950214,28.612816751694297,77.25105770986018,1,27.92913832594473,Low
679552303#2,28.610858625779755,77.2506741298636,28.611443757787185,77.25151460240272,28.60147460689369,77.25471563555826,10,24.265863538338376,High
680551206#0,28.609768656427246,77.23301756685747,28.610163763128185,77.23283856032235,28.61002441198855,77.23254523460992,1,12.747227283746556,Low
680551207,28.61060176093491,77.22737783340315,28.61101899169273,77.22799462359079,28.61154815384169,77.22761183687358,9,0.0,High
680551210#0,28.608188227047073,77.22535541562212,28.610035093162224,77.22431232647232,28.610154642457186,77.22444991312432,1,10.096672331333073,Low
680551211,28.609077009389512,77.22771393579397,28.61041172569707,77.22885815453043,28.61088207050117,77.22810716929426,3,5.84796901803974,Medium
680551212#0,28.60959184925742,77.2323204180075,28.6099344220462,77.23248699366405,28.60944559454452,77.23131300243045,3,16.47000672206205,Medium
680551212#2,28.609401657295276,77.23024840554686,28.60943097196994,77.2311544179364,28.609451385359105,77.23058851396065,1,23.662335552442656,Low
680551212#3,28.610608894788246,77.23180731117337,28.60947507387312,77.23044300859155,28.609995422354103,77.22957080788375,2,14.168873340792228,Low
680551214,28.59363312402523,77.24438225177765,28.592915193035843,77.24336667256625,28.59319303327868,77.243261247263,2,13.276867208096064,Low
686611376#0,28.589011168765566,77.2298157666953,28.59004802746941,77.2289575272487,28.58910223094277,77.22778436356002,1,13.128917106418852,Low
686685962#1,28.592158398491446,77.2432185883429,28.591571698111583,77.24389609149195,28.59109003444734,77.24420317021152,1,10.380596928493446,Low
691886473,28.62746771310556,77.25943554788726,28.62792401839696,77.25928200397436,28.628036840835826,77.25056902132592,1,28.63722598361569,Low
695576804#1,28.627849439679427,77.20250698412696,28.62726609326864,77.20271343944843,28.627846520501183,77.20302488941441,1,9.867567285755872,Low
696811929#0,28.58953255037047,77.25620731234447,28.590318853233107,77.2562614899111,28.59010763049982,77.25537221725988,1,11.5172294309456,Low
700261790#2,28.60689960741369,77.19894634401989,28.6070722168162,77.19910340251097,28.605527407442203,77.19900353369232,2,21.739286517156373,Low
700261790#3,28.60516332795192,77.19889627119957,28.60539768515449,77.19899633261537,28.605132959628683,77.19900155326062,1,3.5048587585558724,Low
700313694#2,28.598245710769216,77.1839179031966,28.597765359177632,77.18359930588264,28.595900767399623,77.18348744711653,1,26.963820858740075,Low
70258948#0,28.599367159082107,77.25449916182968,28.600826204436235,77.25469585811334,28.611734138209066,77.25125209403261,6,27.109450224754596,High
70258948#7,28.612078295184723,77.25046432422522,28.61434737267601,77.2503942513336,28.614924953669664,77.25020176383386,1,24.083423314081152,Low
70258954#2,28.591983691860644,77.2579142155873,28.58983060204975,77.25823075033657,28.590064177812742,77.2581562129984,1,28.53688456097869,Low
70258954#5,28.590773744143096,77.25816180918396,28.59053662862369,77.25800316170051,28.5912371598438,77.25778046195796,1,15.683144674584206,Low
70258956#0,28.600886300163264,77.2536195461753,28.60127513144281,77.25480144549124,28.59936336505178,77.2554600018271,1,17.976309534149706,Low
70258960#0,28.59388913318775,77.25520322948522,28.595091036522387,77.25682041381675,28.5944049546768,77.25705866732557,1,26.011089423193607,Low
70258960#1,28.59553403920705,77.25681296256874,28.594222071935715,77.25705281622893,28.593544188973286,77.25727549868493,1,27.789419278191573,Low
70258963#1,28.592301291654845,77.257544468047,28.59244637251497,77.25779721390461,28.590671404093683,77.2584054393078,1,12.574378115980036,Low
70258963#2,28.587695745533182,77.25853961055475,28.59059063540064,77.2584334599668,28.589938524305527,77.25866342541644,1,14.123782932939736,Low
706970966#0,28.61650435740432,77.22563074711941,28.616255802255942,77.22535922519113,28.61495029386628,77.2282036027017,10,6.706057611387882,High
708281605#0,28.597297625949743,77.18833084756172,28.59826544663098,77.18754256165657,28.596704732376928,77.186660150257,1,17.383289732925807,Low
708281614#0,28.59604078463869,77.19423169047357,28.59599088403863,77.19413489569854,28.59597996881991,77.19803926620946,1,25.432844677876865,Low
708281617#0,28.59444215340672,77.1935592019233,28.596298271111728,77.19381853079847,28.599420418067105,77.19550446456059,1,14.018444526905656,Low
708474897#1,28.605438039041793,77.19915784616232,28.60553065008261,77.1989093336767,28.60625219771361,77.19895452659617,1,14.430177891599826,Low
708474897#5,28.612598453447305,77.19768370118081,28.609813159128496,77.19916051309855,28.610788460612977,77.19921488496382,3,24.509738392790624,Medium
708474898#3,28.60100531940793,77.20317394470646,28.60200838135033,77.2034882488134,28.6027599948122,77.20217185630094,2,20.87839704474233,Low
708474898#6,28.606506395668948,77.20038540821842,28.602830848330573,77.20204819286256,28.603533885053466,77.20080530015092,2,20.81103557448472,Low
708474899#3,28.599813356014685,77.20385435716994,28.59948266993139,77.2038010312408,28.598769871511404,77.2032732367852,1,28.578419476845827,Low
708474899#4,28.600105038890277,77.20359099534176,28.59869834660132,77.20322164878937,28.597531109235323,77.20235784531512,1,31.939673681019045,Low
708474899#6,28.596311135920647,77.20178151000918,28.59706875506303,77.20199263161996,28.596365403456467,77.20184935491493,4,5.34667162103652,Medium
708488753#0,28.6067391444206,77.21901723432961,28.60747537686365,77.21890961313,28.609780125013263,77.22424540083095,3,16.446539957505,Medium
708488754#0,28.610943170575005,77.19817171760042,28.61125588553987,77.19761605928022,28.61123873476623,77.19814504034052,2,10.068598361479882,Low
708488754#4,28.611480902529674,77.20045590241028,28.611196024609583,77.1993593680477,28.611181044800983,77.19979309837049,1,8.837952236197404,Low
708488754#5,28.60747666377639,77.1997044063202,28.61117553710669,77.19991005743913,28.610876885879296,77.20517274959971,3,23.72402546991526,Medium
709276135#0,28.612859804125904,77.21567948046125,28.61354620914512,77.21845637957664,28.61429037966585,77.21850229128269,2,11.83678494296477,Low
709276135#3,28.61327298002444,77.21797975633251,28.61442008601711,77.21851033537992,28.61648428410285,77.21860077380182,5,22.675192691887837,High
709281061#0,28.61395868356427,77.21865805946818,28.61335242015281,77.21853778585285,28.610414596932536,77.21835036340633,2,17.74286273667506,Low
710522945#0-AddedOffRampEdge,28.597364649216445,77.22072416283551,28.59729391547851,77.22003038903425,28.597869597115167,77.21930691708616,4,2.849950696108288,Medium
710522945#2,28.597766510301852,77.21683543816937,28.597913860768124,77.21929823740302,28.59803339313041,77.21913410761248,3,0.0,Medium
710621825#5,28.5933485608951,77.21828327180634,28.59576776865521,77.2169003589785,28.59286727733057,77.21411290680017,1,26.599374803400146,Low
711421327#0,28.61024348893269,77.22452572791212,28.60986383122893,77.22424143922134,28.610130073074632,77.21843517736627,1,26.83544082968152,Low
711421334#0,28.61501194133841,77.22667786335175,28.61604543539335,77.22502686700929,28.613207554324696,77.22485332419308,1,17.987402202725676,Low
711421334#5,28.61413252031224,77.22172233220527,28.613069413910942,77.22484243620885,28.61188291508551,77.22477120485371,1,6.164566779334564,Low
711421335#0,28.61062698653008,77.22423163533611,28.609595120458792,77.224654471237,28.60403618299034,77.22428610612609,1,19.453677727891304,Low
712992071#0,28.61885528569857,77.21746097555112,28.619703493559708,77.21951729502217,28.61661588044399,77.22469011446114,8,21.00847989986812,High
712992074#12,28.614335951806556,77.22309251635471,28.616498843581592,77.22283800669648,28.61645557946804,77.22464409528506,1,27.4032341111428,Low
712992080#5,28.623130892914432,77.23342635312775,28.623500311152828,77.23409575574067,28.625168960228468,77.23244370441051,5,5.0942159188734095,High
715743299#2,28.60548597802836,77.23615051216561,28.605720776531005,77.23588716122525,28.60653200111652,77.2360628203861,2,13.148061357122188,Low
716015301#1,28.60859426049473,77.23938064083933,28.608085539809498,77.23860417531442,28.60817742614247,77.23796832886777,1,12.434138629945924,Low
717531846,28.617576058848613,77.23746574860152,28.61837704682519,77.23642958104122,28.617900126038062,77.23727001206446,1,7.827899376524479,Low
717907807#0,28.62293017999598,77.21208258532184,28.62360087273284,77.21229133426516,28.623853114937784,77.21193984050619,1,13.749673968091194,Low
717907807#1,28.623982360942232,77.21230306037887,28.62392486846039,77.21181689501128,28.62648509038436,77.20714759584727,8,16.864887329858327,High
717907817#0,28.61825688891173,77.20837974035082,28.61863314202341,77.20966187024143,28.617305859857264,77.21205236590353,2,16.021104155121847,Low
722082944,28.618544652804992,77.22036901420753,28.61955072199171,77.21836125411095,28.619707408809223,77.21826444081621,1,12.811716579571256,Low
722082946#0,28.61133346867802,77.21260459413176,28.61205244953464,77.21213865468211,28.61096267422436,77.21206673208569,4,20.54928187857731,Medium
722082948#0,28.615601244969856,77.21254623417533,28.61734313068072,77.2122288187711,28.617339163405585,77.21245522695821,1,10.116268011138576,Low
722443696#5,28.60561452027061,77.21227203779446,28.60654008199652,77.21219723705595,28.605460309885267,77.21086519486344,2,13.67253536915833,Low
730290864#0,28.590425693978418,77.22206219418088,28.59061645619967,77.22382045197007,28.591013733820898,77.22747537004481,5,14.39495937344924,High
730290864#1,28.590999306494215,77.22851425140401,28.591161649033555,77.22854410847668,28.591194446191697,77.22878840852461,3,0.4348185565608187,Medium
732001894,28.605141163847232,77.22631474600828,28.60415150159374,77.22487938199201,28.603756946810343,77.22453234578994,1,0.2244710999400006,Low
732001895#0,28.603774325448484,77.22933006879406,28.601944161297247,77.22999700166213,28.60172109511221,77.2302561651098,3,2.7399468128305133,Medium
732001897#0,28.59814598837791,77.22465072048129,28.597438782240754,77.22330307549277,28.59757106142646,77.22352832157132,1,14.458002456887977,Low
732001897#5,28.599372756559216,77.22529608469182,28.598627670419205,77.22530195702981,28.598953340484524,77.2258492355491,1,24.7048647821065,Low
732001908#0,28.59898499779042,77.2266412208681,28.60059732186848,77.22874130560847,28.60041412423067,77.22841416680957,3,0.0,Medium
739750546#1,28.58601982933977,77.25173998766076,28.58939848878602,77.25089578102894,28.589404100146268,77.25124254513776,1,12.75525591174616,Low
74851424#0,28.62770680172375,77.23344535872268,28.626151467312127,77.23183457212576,28.62642533717669,77.23196420647425,1,12.502578385481089,Low
74851428#0,28.627134946469663,77.21616387650548,28.62696705076609,77.21548566048016,28.626879278611145,77.2156279046032,1,8.07498661817517,Low
74851428#1,28.625641728355205,77.21446808073273,28.626828117328333,77.2157052651361,28.62621685358868,77.21594061278435,1,18.85427412895952,Low
74851428#5,28.62411023703245,77.2206355114743,28.62644334727561,77.21905373016058,28.626443393951654,77.21917757045956,1,4.452765836658147,Low
749606297-AddedOffRampEdge,28.595145788018293,77.19751031074253,28.595563498137995,77.19738090766786,28.59541514281651,77.1964243980716,1,24.473235078366763,Low
749606303#0,28.622735563356276,77.19829057608325,28.62523873520158,77.19803128576206,28.626601593905352,77.19550771540582,2,18.605571664370743,Low
758753881#1,28.62171873549324,77.20819019287441,28.62269381316587,77.21213640816504,28.6231452442548,77.21236726654966,3,0.0,Medium
758753893#0,28.60931052655648,77.21124386613731,28.61026518313728,77.21253267115212,28.60755914844336,77.21728631238064,2,22.143439590102915,Low
760525676#4,28.5887625509132,77.21672946308102,28.58975399592216,77.21651764158156,28.58942228113608,77.21302885416945,2,4.206090755781538,Low
760525677#0,28.58874404453064,77.21806601391468,28.59021643770086,77.21975372929238,28.59059060026636,77.2235429744762,3,26.56362059485979,Medium
760536610#0,28.61635866189559,77.21430707774752,28.61624885233592,77.2124382941515,28.613842553067947,77.21231697998078,2,0.1401114789063609,Low
760817626,28.60724612658153,77.21587899667954,28.60763240085724,77.21751871780086,28.60771324552605,77.2178550606076,1,9.298034742474613,Low
768080142#0,28.59037439910692,77.25870020203692,28.591399052645965,77.25765971750678,28.594388920854524,77.2567915056955,1,21.484654760202183,Low
769948199,28.605433164380656,77.20438111412113,28.60683536525248,77.20372529995652,28.606470317339028,77.20524979259993,1,1.2823753343313002,Low
77339656#12,28.591859121614778,77.2435769103308,28.59219139472281,77.24424405379149,28.592723250581777,77.24371190971698,5,8.972456942915906,High
77339656#3,28.587848787562066,77.24665884867137,28.58874864927345,77.24659403164824,28.58970824473805,77.24605864241583,1,20.37630583037287,Low
77339656#9,28.59062969641702,77.24911268872287,28.589841995706536,77.24595854552103,28.592076100634884,77.244324817209,3,24.15243803058121,Medium
77349459#1-AddedOnRampEdge,28.597253010838315,77.239451025275,28.597876078558265,77.24009815669541,28.59861223392521,77.23961824546518,1,10.363152917787216,Low
77349464#0,28.596753845080666,77.23849467832741,28.59547069389989,77.24038275374267,28.596894062915894,77.24058286336283,1,15.677081442476933,Low
77349465#2,28.59900730904399,77.23942480787053,28.59890444686276,77.2398660239214,28.59786644461676,77.2401515226588,2,21.705363418704383,Low
77349478#0,28.591584178649,77.23838058741823,28.592648341229417,77.24009562552669,28.592244321648845,77.24012723170513,1,11.610865207628516,Low
77349485#4,28.60871514715057,77.23515905725051,28.608639634504588,77.23344667061076,28.60991806758817,77.23271843819285,2,22.33102960369044,Low
77349493,28.592165205202594,77.23870932884121,28.592684341396204,77.23811254272766,28.5932981909496,77.23976060392444,1,21.036330763607257,Low
77349521,28.596706819487768,77.24192797462749,28.596627336960328,77.2412768813236,28.59445820586945,77.242808356127,1,24.435301223714102,Low
77355810#1,28.59248060236564,77.23157947446128,28.5922471521908,77.23434577854593,28.59253603481219,77.23421050806357,1,9.965556759480387,Low
77355810#12,28.60460377313919,77.23291520883481,28.60152616818784,77.23213842917161,28.602085837367216,77.23211182101959,1,21.54999648976399,Low
77355810#3,28.592309826559568,77.23186342843286,28.59309999690988,77.23375913644412,28.59356576628707,77.23335301593175,1,23.42748394614729,Low
77355810#5,28.596218370478798,77.23256533526971,28.594060835068426,77.2329209316083,28.594975879059724,77.23215115876118,1,23.82366276371593,Low
77355810#7,28.596622513615465,77.2321471073424,28.59626688438292,77.2321495164683,28.597300497150503,77.2321462167401,1,15.544611249154052,Low
775967399#1,28.591472130460993,77.21584966505397,28.58909287407366,77.21580116983195,28.58917568194052,77.21656428595709,1,11.463387974770368,Low
775967403#0,28.588291207434516,77.21363609237349,28.58890849118552,77.21469949969008,28.58904599946296,77.21535121051501,1,11.11813518332813,Low
777743097#2,28.62978166676745,77.19755512032978,28.62939266022289,77.19863266911224,28.62969275722011,77.1988107328416,1,13.044682615774423,Low
777743097#6,28.630704047213015,77.19906534448562,28.63094527873255,77.19923497665873,28.631080221654724,77.19933739944777,1,10.96995138240463,Low
778199266#3,28.615411352066698,77.21196829694274,28.62020581136136,77.21042021717719,28.61900038572636,77.20956689800472,1,15.237922624933072,Low
779077038#0,28.630441718537124,77.20638161441482,28.62891268077757,77.20504214748235,28.629775782345348,77.20499914262817,1,2.132827941211872,Low
782774061#15,28.61386307656894,77.21079841590088,28.61486973396378,77.20925165776767,28.61398876030269,77.2091953800154,1,18.150803530246083,Low
782774061#20,28.611062497268883,77.20858494564384,28.61284867878349,77.20912631737278,28.612246580468405,77.20907680104278,1,22.35832664836877,Low
782774061#3,28.611135852384006,77.20963911998693,28.61214763090865,77.20880366881173,28.61218653987553,77.2087359766746,1,4.244425250054338,Low
782774061#4,28.611596683278403,77.20840562108394,28.61229136394578,77.20868745535269,28.612868720563004,77.20871048032683,1,12.062237199691229,Low
782774061#9,28.615171541411417,77.21145181336829,28.61497434849491,77.20883962826804,28.615672490043963,77.2091855396473,2,15.1418533845503,Low
783084112,28.601369255736337,77.22853465220075,28.60158871603976,77.23024610969797,28.60158946956086,77.2302441831041,1,0.0,Low
80440840#11,28.588891481661204,77.24820694807067,28.58867946876924,77.24855751575102,28.588744791046373,77.24839442734807,1,0.0337183507096679,Low
80440840#6,28.58733416651016,77.2486651836956,28.588452708507024,77.24912442765802,28.58845976641233,77.249106893182,1,1.5404631170774363,Low
80499271#2,28.625189360520327,77.2354437304084,28.62562963080709,77.23583225025575,28.6254056157794,77.23952380279974,1,12.353566649485195,Low
80499762#4,28.619695229988956,77.23458805354684,28.61853232691885,77.23525951142193,28.62072561114368,77.23685362662283,1,0.0,Low
80499778#3,28.62936274209114,77.22558083939427,28.629245675525144,77.22575038773523,28.63018930112121,77.22411728645709,1,10.446644013542794,Low
80499781,28.62475040897643,77.23864548732179,28.625411758296355,77.23977989063657,28.62561445560892,77.2403663638975,1,21.737238811197933,Low
80499782,28.625838386838762,77.24030101957263,28.62563801378037,77.24075862405584,28.62519684642117,77.24047233097683,1,7.753736450363311,Low
80921410#0,28.611138058180238,77.20642060780507,28.61101882689644,77.2059980926616,28.612227430531632,77.20864634251055,1,14.701329542752177,Low
80926768#7,28.62790294996841,77.19634838077157,28.62869385472104,77.19861513391075,28.62663438456479,77.19708601039126,2,11.111436330313566,Low
80926778#2,28.62991580739728,77.19952081886876,28.629132274096698,77.19799800108369,28.628978906594178,77.19826918215361,1,7.432259227808944,Low
80950010#5,28.60472258782885,77.20119388775285,28.598651698276463,77.20106104872724,28.59810205371622,77.20064801116624,1,13.452216822605596,Low
80950012#1,28.60017807850447,77.20715010241528,28.60007304497792,77.20772074737134,28.59830956780549,77.20853263029309,1,7.165312461555004,Low
80950037#1,28.596189836669463,77.21192753234301,28.59613649949249,77.21144426818024,28.595854328226125,77.21053308889053,1,13.521513502786869,Low
80950066#1,28.597840372008744,77.214135737669,28.599009538447728,77.21441866685193,28.598261472883166,77.21487601868546,1,10.465537164150737,Low
80950066#4,28.59814630696182,77.21646152536474,28.597223844391834,77.2154504810128,28.596995528317784,77.21560190363188,1,8.205839554453828,Low
80950066#5,28.59927250555156,77.21593110156631,28.59688068539646,77.21567811150184,28.59648550362748,77.21604133449489,1,15.12185392908658,Low
895122213#0,28.628980902894156,77.24190108520992,28.624899176746684,77.2408330177397,28.616038688271743,77.2466199481081,1,12.968309208580292,Low
973071349,28.612065310947962,77.25101203040983,28.612177578655853,77.2479435361911,28.611805730571785,77.25167313908953,3,22.75749644435912,Medium
973071388,28.61610724717818,77.24836476570125,28.6156043702726,77.24871204856215,28.615410940688143,77.25028176057748,2,20.54997692308544,Low
973071397-AddedOnRampEdge,28.61513661002511,77.24817061312191,28.61543514049812,77.24880230753026,28.615046514854377,77.2479442261565,1,27.60146668737894,Low
973071398,28.615644015687554,77.23617541567685,28.617473905765245,77.24021811813998,28.61963154965808,77.24026475361691,2,15.68345032468416,Low
994825990#0,28.625891873170378,77.20994679250708,28.624644161654576,77.21072817816018,28.62374428408292,77.21241050918202,2,12.30764748260263,Low
995113416#0,28.618493822917866,77.23939071556795,28.61969732070904,77.24020500204401,28.62065694007069,77.23710003837226,3,11.365825519035566,Medium
995793692#3,28.62616911474185,77.22072400581492,28.626206013955443,77.22070772919193,28.626264487420205,77.2196668102757,1,25.79044517617552,Low
996679781#0,28.628773797799116,77.22825342198229,28.62870278323785,77.22673273027442,28.628799647251927,77.22656501733312,1,0.9080680981931636,Low
997761547,28.626917050377436,77.2153865782687,28.6272154333059,77.21510033628427,28.62710225679642,77.21531189294697,2,5.1861233955001484,Low
997761552#0,28.624694314051414,77.20897200125877,28.62518679846429,77.20985959499995,28.624770928617444,77.21056803616223,1,26.183859154341416,Low
997761553,28.62511409466761,77.20631736533775,28.62558317116778,77.20911822060567,28.62517749189868,77.20981614353916,1,25.478753209874068,Low
998197439#0-AddedOnRampEdge,28.609659172108685,77.23974865907675,28.60975719930577,77.23993006795075,28.610609683048867,77.23995092228618,2,15.50644976101486,Low
998197439#1,28.608922588264228,77.24025123494194,28.61130108625565,77.240000566012,28.6126719537658,77.2400251665058,3,15.781296539701325,Medium
998197440,28.624881579073328,77.20223270310822,28.62395442296572,77.20049916265036,28.62389011294677,77.2005088650887,1,6.676442146464107,Low
998197441,28.624684658571724,77.19942735217809,28.62421330304455,77.20007046746917,28.62420900008673,77.20021875780174,1,10.311548424492956,Low
998790352#0,28.622147405708095,77.22613433101546,28.622501967013736,77.22460267351819,28.62281448480673,77.22525287822135,1,2.275047068822422,Low
998790352#3,28.619887035502593,77.22474592733009,28.62291668985677,77.22547949150896,28.62311682561697,77.22595665992309,1,14.640668218729424,Low
998790354#0,28.621104724708225,77.2212457505474,28.621425267203144,77.22219523117079,28.62250073951106,77.2246005002123,2,24.99872573818987,Low
998790356#0,28.621827000619074,77.21643252107349,28.62032085419297,77.21968121401929,28.62119993552149,77.22166355486401,1,20.420149238891632,Low
998790360,28.61753151521601,77.21806304430044,28.62020506902994,77.21966057618492,28.620041775164783,77.21947768139636,2,3.51296373368021,Low
998790361,28.61945900534543,77.21985309879108,28.619560685346748,77.21809437257652,28.61970954813805,77.21822194750388,1,0.0,Low
